çëåÍ,êîäw,âpåÍ,cls
45,51,44,7
53,57,58,2
42,78,68,2
74,57,70,4
82,71,87,1
70,77,82,3
59,73,62,3
26,53,41,7
67,56,64,4
41,49,43,7
64,56,66,4
53,83,82,3
19,43,29,5
52,47,38,0
52,52,54,2
48,48,41,0
59,79,68,3
78,59,70,4
69,63,54,4
69,47,52,4
88,56,56,4
66,54,40,4
56,56,76,2
37,53,46,7
54,59,47,2
56,47,43,0
69,79,86,3
22,72,50,7
37,60,51,7
62,69,73,3
63,79,73,3
58,65,84,3
61,45,46,0
59,53,53,2
82,77,79,1
35,41,19,5
71,45,58,4
61,62,70,3
54,62,47,2
24,54,34,7
30,50,35,7
52,65,53,2
41,57,40,7
50,46,51,2
60,73,51,2
51,56,51,2
69,50,53,4
69,60,62,4
64,75,71,3
52,64,66,2
94,56,50,4
90,74,92,6
63,39,34,0
48,51,42,0
63,47,46,0
82,86,100,6
71,54,53,4
60,70,73,3
32,52,45,7
44,64,58,2
100,83,100,6
81,68,68,1
66,68,59,2
81,43,42,4
72,58,64,4
81,76,89,6
70,52,55,4
69,75,80,3
68,51,57,4
68,58,82,3
60,59,58,2
88,70,93,6
94,90,100,6
53,42,44,0
72,78,75,3
52,49,68,2
46,50,34,0
52,42,31,0
67,44,48,4
23,20,11,5
37,32,17,5
77,49,57,4
43,45,33,0
68,65,50,4
87,70,84,1
45,69,62,2
28,65,68,2
47,63,61,2
75,55,77,1
54,66,78,3
100,64,82,1
64,38,36,0
55,57,64,2
78,74,83,1
98,85,88,6
75,45,46,4
75,42,57,4
58,78,69,3
73,83,85,3
67,75,68,3
85,64,58,4
73,56,55,4
70,53,55,4
51,51,47,2
95,74,91,6
73,53,62,4
94,70,72,1
48,66,64,2
65,61,56,4
53,67,55,2
33,47,37,7
62,66,62,2
37,43,41,7
68,60,49,4
87,93,94,6
52,66,58,2
36,51,34,7
90,58,86,1
35,48,39,7
52,66,58,2
55,52,48,2
72,52,65,4
44,72,67,2
82,83,85,6
71,65,78,3
23,18,0,5
54,31,30,0
94,71,86,1
35,63,66,2
31,41,51,7
82,72,91,6
69,66,69,3
67,68,72,3
35,61,58,2
36,53,35,7
85,80,90,6
69,49,50,4
65,49,40,0
49,57,56,2
86,72,82,1
67,40,31,0
74,34,43,0
69,78,85,3
48,60,41,2
52,57,47,2
54,63,56,2
65,60,69,3
68,64,76,3
88,74,93,6
88,84,100,6
81,45,52,4
37,49,54,7
60,68,57,2
50,59,58,2
79,69,78,1
19,49,2,5
39,63,61,2
76,66,65,4
99,76,88,6
73,78,95,6
67,46,53,4
55,83,73,3
41,46,59,2
36,70,69,2
69,76,71,3
32,51,49,7
78,61,57,4
19,54,35,7
23,50,51,7
81,57,71,1
78,73,80,1
64,77,77,3
78,93,97,6
43,60,54,2
59,47,39,0
82,61,68,1
13,60,33,7
32,49,51,7
75,58,62,4
91,65,81,1
51,65,57,2
100,86,100,6
72,88,85,3
74,46,38,0
64,60,76,3
63,54,70,4
67,69,79,3
72,55,72,4
73,23,38,0
69,60,58,4
75,65,72,1
58,69,66,3
44,75,66,2
54,59,62,2
59,44,50,0
71,35,32,0
58,68,56,2
74,55,67,4
60,93,96,6
86,48,58,4
75,42,43,4
67,62,73,3
57,61,51,2
36,56,57,2
87,70,83,1
61,63,71,3
58,61,55,2
57,75,62,3
35,83,65,2
26,37,19,5
57,59,50,2
70,74,74,3
54,33,31,0
37,53,44,7
73,62,69,4
35,54,42,7
100,70,100,6
47,59,51,2
75,62,79,1
38,33,31,5
89,70,86,1
53,43,15,0
48,57,51,2
28,47,45,7
68,53,64,4
81,72,88,1
70,56,54,4
44,36,28,0
62,50,44,0
63,44,46,0
99,98,100,6
63,72,72,3
66,54,52,4
47,46,48,0
53,60,53,2
72,73,72,3
55,63,50,2
55,43,48,0
39,55,52,7
38,59,57,2
42,64,50,2
60,67,61,2
80,62,70,1
63,80,96,6
67,54,50,4
47,46,61,2
35,65,53,7
83,53,57,4
57,44,43,0
39,48,52,7
67,65,72,3
62,63,65,2
89,64,74,1
34,55,50,7
72,85,91,6
72,82,80,3
55,54,52,2
77,41,50,4
48,59,65,2
64,61,60,4
0,22,4,5
41,40,36,0
71,62,72,3
57,40,39,0
77,66,77,1
46,32,26,0
57,49,46,0
75,71,94,6
49,48,30,0
56,39,28,0
60,45,47,0
25,22,11,5
58,72,80,3
69,54,64,4
76,54,57,4
42,51,32,0
79,67,78,1
45,38,33,0
51,58,57,2
60,44,52,2
83,59,73,1
28,65,58,7
68,64,80,3
54,73,72,3
53,59,45,2
38,61,57,2
31,69,60,2
80,50,69,4
59,65,60,2
47,58,45,2
73,53,65,4
73,82,86,3
44,41,34,0
46,56,62,2
61,34,34,0
44,78,82,3
71,65,62,4
77,67,62,4
73,53,57,4
90,72,86,1
53,58,47,2
87,68,79,1
43,67,53,2
78,62,73,1
41,52,55,2
40,47,38,0
49,60,47,2
57,64,48,2
60,49,54,2
44,70,74,2
32,49,33,7
10,48,18,5
47,62,30,7
68,71,70,3
100,84,100,6
44,46,48,7
89,84,93,6
57,43,46,0
82,68,71,1
85,59,59,4
66,63,68,3
100,96,100,6
53,55,47,2
74,62,64,4
71,52,55,4
62,61,56,2
85,65,69,1
38,37,27,5
71,51,69,4
17,37,17,5
56,67,65,2
77,54,42,4
78,53,62,4
48,55,59,2
66,68,68,3
57,54,54,2
67,58,76,3
35,35,17,5
64,50,49,4
71,72,76,3
61,69,63,2
68,76,82,3
49,63,55,2
57,56,43,2
40,39,26,5
58,82,75,3
95,78,100,6
81,63,75,1
64,61,79,3
56,61,58,2
47,36,39,0
27,30,15,5
100,63,84,1
52,69,61,2
63,62,60,2
80,50,62,4
66,46,38,0
78,70,61,1
62,76,76,3
45,79,78,3
23,50,27,5
35,48,34,7
49,57,37,7
54,52,45,2
51,47,55,2
26,62,73,2
72,80,64,3
84,82,98,6
43,76,63,2
51,47,46,0
52,60,64,2
56,65,52,2
78,61,55,4
28,68,58,7
49,63,52,2
24,17,10,5
82,72,91,6
76,66,74,1
62,52,54,4
69,70,95,6
82,56,52,4
69,66,73,3
55,49,33,0
81,82,96,6
75,77,87,6
70,64,72,3
78,52,67,4
64,41,36,0
48,50,48,2
100,67,89,1
62,87,84,3
42,54,36,7
31,63,51,7
38,53,55,7
69,64,64,4
64,66,68,3
48,45,63,2
100,72,90,6
57,60,51,2
46,61,66,2
44,41,32,0
32,54,37,7
51,42,27,0
82,66,67,1
62,44,61,4
83,82,95,6
77,73,82,1
75,34,39,0
53,39,39,0
58,51,41,0
58,59,57,2
83,70,64,1
57,52,39,0
67,73,75,3
67,67,63,3
97,72,94,6
67,59,68,4
100,60,90,1
79,70,70,1
63,63,66,2
85,68,78,1
76,70,64,3
70,63,82,3
67,73,60,3
24,24,0,5
85,71,83,1
45,52,67,2
54,50,39,0
64,53,50,4
80,48,70,4
45,34,31,0
40,67,57,2
49,58,49,2
76,44,46,4
85,73,77,1
48,35,26,0
65,49,32,0
48,78,69,3
40,67,60,2
71,56,53,4
25,47,33,5
84,77,80,1
37,43,40,7
98,86,100,6
35,43,41,7
57,61,72,2
81,65,85,1
30,48,27,5
11,46,25,5
36,47,36,7
93,71,80,1
74,63,55,4
53,63,52,2
60,81,73,3
61,59,55,2
58,70,71,3
70,41,66,4
59,61,66,2
68,70,67,3
54,75,73,3
81,72,92,6
64,69,63,3
68,61,71,3
63,71,68,3
66,57,43,4
88,66,74,1
86,76,94,6
58,74,78,3
86,95,100,6
64,71,70,3
57,64,60,2
70,72,82,3
39,60,50,7
75,57,77,1
42,67,61,2
49,74,57,2
80,60,46,4
38,39,36,0
46,73,59,2
96,52,61,4
40,54,54,2
53,84,89,3
77,74,89,6
81,67,76,1
100,90,100,6
56,61,56,2
56,75,76,3
26,41,27,5
79,51,71,4
100,90,100,6
34,16,0,5
28,53,31,7
80,57,79,1
60,51,37,0
43,50,46,7
67,89,77,3
73,57,57,4
29,68,55,7
70,51,53,4
67,55,50,4
58,66,49,2
59,68,70,3
31,62,59,7
56,63,67,2
82,45,59,4
73,64,82,3
30,45,17,5
69,66,69,3
32,36,27,5
27,58,44,7
55,59,44,2
9,17,0,5
64,54,58,4
63,72,72,3
20,53,53,7
72,40,48,4
58,56,53,2
39,51,48,7
73,53,71,4
70,65,78,3
67,49,49,4
50,56,59,2
38,64,47,7
99,55,70,1
65,56,62,4
59,52,35,0
74,44,53,4
58,58,62,2
76,77,100,6
84,70,88,1
70,57,41,4
9,34,2,5
48,51,40,0
31,33,19,5
43,52,27,0
55,53,53,2
29,48,38,7
47,54,45,2
50,63,59,2
32,64,65,2
87,51,57,4
62,71,76,3
75,47,51,4
65,63,66,3
40,66,40,7
40,55,47,7
29,36,13,5
51,40,31,0
38,45,35,0
65,60,56,4
42,78,77,3
94,77,81,1
40,60,52,2
47,71,59,2
100,88,100,6
64,58,60,4
67,67,64,3
69,68,87,3
100,82,94,6
70,89,100,6
74,51,55,4
59,57,53,2
66,65,69,3
50,54,64,2
51,47,44,0
58,63,54,2
34,52,38,7
50,41,50,0
18,49,49,7
37,74,79,3
92,58,75,1
58,72,74,3
45,79,86,3
82,71,85,1
63,69,49,2
70,60,71,3
11,44,21,5
71,86,75,3
57,52,63,2
74,79,78,3
63,47,44,0
44,67,69,2
72,92,100,6
94,86,100,6
50,79,100,3
66,66,60,4
47,65,49,2
78,67,68,1
72,60,81,3
33,79,69,2
52,78,75,3
26,61,47,7
68,68,92,3
97,49,75,1
37,84,90,3
42,74,63,2
50,62,52,2
55,34,45,0
79,73,79,1
56,31,34,0
47,51,45,7
80,62,64,4
46,58,49,2
54,73,65,2
73,72,88,3
51,50,53,2
39,47,43,7
41,54,40,7
83,50,50,4
76,45,39,4
68,40,49,4
65,53,56,4
100,67,91,1
51,41,51,0
74,60,67,4
66,64,68,3
60,45,41,0
74,54,66,4
23,47,26,5
62,70,54,2
67,84,76,3
52,38,43,0
36,59,36,7
66,82,86,3
83,51,55,4
51,50,57,2
46,56,55,2
96,60,84,1
54,57,56,2
72,60,66,4
29,50,18,5
31,55,48,7
60,62,51,2
43,66,49,2
70,52,68,4
68,51,64,4
86,65,63,1
65,66,59,2
54,63,55,2
90,76,77,1
55,68,63,2
100,69,73,1
34,25,20,5
64,52,64,4
47,53,43,7
72,45,38,0
47,54,39,7
58,48,48,2
60,76,82,3
55,58,54,2
60,56,53,2
76,73,62,3
84,92,100,6
67,71,65,3
100,79,98,6
21,27,23,5
48,72,64,2
34,42,32,5
63,57,48,4
96,76,88,6
44,42,41,0
62,66,52,2
44,50,55,2
72,85,97,6
81,76,80,1
54,65,55,2
65,67,62,3
85,64,83,1
69,64,70,3
69,60,54,4
84,84,90,6
59,72,68,3
36,47,35,7
61,60,56,2
49,53,51,2
38,44,27,5
47,50,30,0
48,61,46,2
62,54,67,4
78,66,62,4
30,50,42,7
58,60,62,2
77,68,71,1
50,77,88,3
55,55,53,2
18,26,13,5
75,69,73,3
92,73,87,1
61,86,78,3
60,44,40,0
78,73,68,1
50,70,56,2
57,57,55,2
41,45,25,0
68,62,77,3
68,75,84,3
49,47,56,2
92,67,71,1
44,40,23,5
62,57,72,3
21,39,33,5
69,56,53,4
79,81,93,6
71,70,65,3
49,66,75,3
68,54,63,4
73,42,51,4
58,63,61,2
70,63,69,3
65,68,78,3
47,57,67,2
98,61,73,1
100,74,85,1
41,56,32,7
33,39,27,5
80,52,59,4
50,71,65,2
82,61,70,1
66,69,65,3
94,54,66,1
14,33,3,5
57,65,69,2
40,69,59,2
73,83,85,3
64,58,58,4
60,58,51,2
38,56,37,7
42,65,50,2
65,43,40,0
69,80,72,3
83,78,100,6
52,69,61,2
62,39,47,0
25,36,19,5
57,51,36,0
97,53,62,1
78,41,56,4
50,49,52,2
100,81,100,6
88,63,76,1
55,51,54,2
41,64,42,7
75,71,80,3
88,59,71,1
64,69,80,3
35,40,40,7
85,60,68,1
100,65,89,1
59,77,78,3
69,66,73,3
53,59,63,2
42,55,46,7
44,67,47,2
13,26,4,5
50,69,63,2
55,63,49,2
52,59,55,2
73,70,64,3
69,53,52,4
78,75,75,1
80,92,96,6
33,45,28,5
41,45,38,0
30,46,47,7
52,54,54,2
73,86,76,3
32,54,45,7
61,56,54,2
71,58,62,4
76,64,69,1
15,51,18,5
49,76,70,3
54,55,41,2
56,50,48,2
100,83,100,6
86,69,80,1
43,36,29,0
65,70,78,3
45,66,56,2
35,37,50,7
95,54,81,1
33,60,39,7
100,84,100,6
76,58,58,4
3,34,13,5
99,71,90,6
60,63,69,3
76,74,82,3
29,61,30,7
74,71,83,3
80,63,69,1
43,62,59,2
60,64,71,3
52,52,55,2
72,65,59,4
81,79,76,1
78,56,68,4
91,87,100,6
39,47,41,7
76,68,67,3
43,66,56,2
67,48,49,4
59,75,80,3
72,61,63,4
53,59,42,2
50,44,40,0
76,48,77,4
66,65,80,3
81,67,75,1
55,50,51,2
17,12,3,5
86,44,57,4
47,47,45,0
73,74,70,3
24,49,33,7
51,62,52,2
58,49,43,0
38,51,49,7
53,47,51,2
57,63,55,2
61,60,55,2
36,34,27,5
93,69,86,1
98,68,83,1
46,55,49,2
72,51,65,4
79,58,68,4
70,66,70,3
70,46,53,4
48,46,38,0
19,48,28,5
27,49,29,5
78,59,85,1
50,65,69,2
96,71,74,1
58,65,63,2
44,62,66,2
45,70,64,2
56,73,74,3
61,52,46,2
44,58,44,7
43,68,56,2
23,49,34,7
75,64,63,4
100,62,93,1
48,72,71,3
75,50,63,4
47,55,45,2
85,88,88,6
56,46,39,0
50,54,55,2
100,85,88,6
29,33,17,5
73,66,64,4
35,48,37,7
47,68,71,2
67,34,27,0
67,53,44,4
68,38,38,0
75,47,60,4
54,41,26,0
57,69,59,2
30,56,31,7
72,63,84,3
39,75,61,2
33,53,50,7
33,40,23,5
50,37,36,0
73,60,65,4
66,54,52,4
66,81,79,3
47,58,46,2
26,47,29,5
70,55,66,4
62,52,55,4
91,64,84,1
64,78,86,3
41,53,50,7
27,67,55,7
62,50,60,4
64,65,74,3
100,58,100,6
59,64,71,3
67,60,68,4
80,70,85,1
45,44,34,0
23,49,34,7
81,64,63,4
48,47,27,0
52,57,53,2
51,43,51,0
83,59,82,1
88,54,70,1
28,39,21,5
40,61,73,2
80,93,97,6
90,65,80,1
64,59,53,4
93,68,92,1
75,55,59,4
100,78,96,6
66,72,68,3
50,47,52,2
54,90,88,3
71,69,64,3
94,100,100,6
55,64,63,2
62,62,58,2
56,53,58,2
43,58,54,2
92,72,98,6
82,85,78,3
72,57,61,4
78,75,80,1
39,77,71,2
84,59,75,1
80,73,86,1
88,82,95,6
56,47,39,0
60,40,34,0
53,64,59,2
67,89,93,6
73,44,37,0
83,54,56,4
49,63,58,2
74,52,46,4
67,65,57,4
40,34,28,5
60,84,86,3
69,51,65,4
71,70,67,3
60,78,66,3
52,61,69,2
61,58,63,2
59,53,44,2
81,70,91,6
82,80,90,6
54,33,39,0
68,63,68,3
92,72,83,1
47,62,44,2
88,87,83,6
21,38,25,5
75,65,72,1
87,68,71,1
59,60,58,2
52,54,49,2
59,49,35,0
27,45,26,5
65,87,80,3
54,44,44,0
61,47,54,4
82,65,62,4
30,59,62,7
48,70,65,2
41,35,23,5
69,79,93,6
45,47,36,0
77,81,90,6
69,82,94,6
42,64,65,2
30,65,39,7
93,56,79,1
74,52,49,4
77,55,70,4
67,67,64,3
29,57,45,7
50,52,38,0
59,55,57,2
81,72,79,1
78,67,82,1
31,47,41,7
42,44,39,0
81,70,80,1
68,47,43,4
43,60,48,2
61,73,69,3
35,34,19,5
68,75,70,3
54,68,60,2
36,50,55,7
67,63,70,3
59,70,61,2
28,37,28,5
74,84,77,3
53,64,70,2
62,61,58,2
57,69,58,2
51,69,78,3
66,54,70,4
25,49,34,7
16,53,27,5
81,71,50,4
67,60,74,3
54,84,85,3
54,71,77,3
50,63,57,2
53,73,65,2
88,49,69,4
100,74,100,6
48,71,66,2
91,82,100,6
71,56,57,4
100,65,77,1
79,55,67,4
80,48,61,4
67,89,86,3
59,51,64,2
35,73,57,2
52,54,58,2
24,50,43,7
92,61,71,1
65,53,59,4
38,44,44,7
44,75,61,2
65,65,73,3
45,58,62,2
59,53,56,2
97,47,75,1
48,79,80,3
39,58,52,7
61,58,63,2
62,61,54,2
55,53,51,2
92,85,93,6
41,56,61,2
68,57,52,4
81,71,85,1
57,47,52,2
39,64,63,2
60,64,57,2
89,60,74,1
36,41,23,5
82,70,60,1
51,58,65,2
24,43,53,7
48,43,33,0
71,69,74,3
55,24,9,5
74,53,69,4
49,65,64,2
58,69,72,3
31,45,35,7
26,43,26,5
90,84,96,6
84,85,97,6
91,61,82,1
10,27,0,5
85,61,84,1
34,36,34,5
24,34,8,5
77,77,89,6
45,49,46,7
93,79,94,6
62,65,72,3
65,43,41,0
83,53,57,4
55,53,46,2
89,71,86,1
57,52,60,2
26,64,69,2
27,67,40,7
27,67,43,7
71,64,61,4
74,66,79,1
54,40,41,0
80,64,88,1
81,74,73,1
30,63,64,2
54,68,79,3
81,64,75,1
89,66,92,1
50,69,57,2
32,39,13,5
80,77,80,1
70,77,76,3
71,73,69,3
49,37,21,0
59,73,68,3
62,52,56,4
70,46,53,4
73,65,59,4
100,55,78,1
51,54,46,2
80,79,100,6
27,54,57,7
77,56,62,4
67,62,70,3
85,81,83,6
73,71,61,3
69,91,83,3
79,55,45,4
39,52,60,2
53,36,32,0
86,93,100,6
55,59,68,2
73,46,44,4
36,60,56,2
92,65,72,1
38,27,29,5
78,56,56,4
42,63,62,2
84,71,77,1
2,43,16,5
43,51,26,0
52,64,54,2
85,70,79,1
100,75,85,1
100,55,90,1
68,69,93,6
75,42,50,4
57,62,58,2
92,85,91,6
46,66,58,2
86,62,72,1
55,78,70,3
28,69,51,7
90,91,98,6
68,59,55,4
58,62,60,2
55,53,56,2
100,85,100,6
41,57,44,7
54,55,60,2
57,34,34,0
47,63,53,2
66,85,73,3
47,40,24,0
80,65,66,1
90,46,57,4
92,58,89,1
94,83,90,6
45,47,34,0
81,67,70,1
55,42,46,0
79,41,57,4
50,49,53,2
31,60,67,2
58,51,53,2
73,66,78,3
49,75,55,2
67,59,66,4
28,50,42,7
66,68,79,3
51,52,52,2
34,50,28,5
82,64,64,1
73,78,84,3
56,54,48,2
81,77,90,6
23,64,62,7
86,81,94,6
25,39,24,5
49,65,67,2
40,59,39,7
83,44,57,4
59,63,56,2
58,85,65,3
70,47,47,4
88,87,90,6
47,33,19,5
58,41,32,0
48,54,52,2
37,50,47,7
59,51,50,2
82,83,93,6
47,53,50,2
96,79,90,6
70,59,57,4
83,62,64,4
80,73,94,6
63,68,77,3
47,47,33,0
60,44,60,4
42,60,40,7
75,93,80,3
31,53,48,7
58,67,76,3
67,52,64,4
49,72,68,2
100,74,81,1
88,63,68,1
65,62,53,4
34,38,33,5
14,38,14,5
34,44,45,7
25,37,34,5
81,77,92,6
75,59,55,4
80,71,86,1
86,72,89,1
86,73,91,6
49,57,40,2
73,82,74,3
99,71,88,1
90,93,100,6
70,74,66,3
58,42,45,0
74,72,81,3
77,64,76,1
42,41,32,0
22,43,20,5
100,69,97,6
83,45,62,4
77,42,62,4
47,42,50,0
60,75,78,3
73,50,54,4
15,59,37,7
74,61,87,1
88,67,75,1
37,50,52,7
46,55,46,2
46,82,86,3
81,60,58,4
68,51,46,4
61,35,40,0
42,45,52,7
40,38,19,5
87,63,87,1
36,45,49,7
54,42,36,0
35,65,59,2
66,53,57,4
33,48,33,7
41,60,66,2
52,61,68,2
53,77,80,3
66,79,74,3
70,84,72,3
53,62,62,2
87,80,82,1
55,50,42,0
24,59,49,7
44,43,43,0
42,48,43,7
60,78,57,3
81,67,76,1
40,36,3,5
62,84,90,3
63,55,58,4
80,48,64,4
64,78,82,3
36,58,58,2
60,62,61,2
37,50,43,7
100,83,100,6
71,76,92,6
74,74,93,6
49,64,52,2
65,60,66,4
31,59,42,7
63,79,77,3
84,75,75,1
45,64,52,2
12,57,31,7
95,73,88,1
58,76,76,3
57,79,83,3
17,43,19,5
60,64,72,3
59,64,63,2
51,82,98,3
77,67,68,1
24,29,12,5
44,62,69,2
36,64,56,2
37,71,60,2
49,68,76,3
58,58,62,2
15,50,32,5
73,73,74,3
74,82,88,6
75,53,48,4
48,72,52,2
27,56,44,7
54,38,40,0
62,49,47,4
57,51,41,0
63,81,85,3
85,79,90,6
48,56,55,2
74,77,77,3
63,65,73,3
24,52,44,7
95,76,87,6
63,57,66,4
64,75,72,3
45,44,32,0
31,64,51,7
40,44,22,5
62,57,46,2
95,90,82,6
73,59,61,4
59,57,38,2
31,63,53,7
43,59,51,2
73,59,61,4
72,63,66,4
59,70,61,2
24,56,52,7
69,80,83,3
85,70,78,1
31,43,30,5
41,76,64,2
21,64,27,7
64,47,66,4
46,53,53,2
39,57,54,2
58,47,43,0
71,64,63,4
60,97,86,3
77,66,67,1
74,59,75,3
64,75,75,3
55,44,35,0
46,47,53,2
56,79,79,3
65,84,70,3
59,55,51,2
72,63,71,3
66,49,61,4
57,56,53,2
49,67,58,2
60,45,59,4
55,75,85,3
69,77,82,3
49,38,48,0
91,79,97,6
69,55,49,4
40,53,32,0
25,35,19,5
83,78,84,1
52,65,61,2
78,48,50,4
64,36,44,0
94,82,88,6
65,48,38,0
72,61,70,4
56,44,36,0
55,62,62,2
44,79,59,2
69,57,59,4
48,93,98,6
38,65,69,2
37,73,60,2
48,55,31,0
76,75,67,3
41,75,65,2
74,61,75,3
44,60,64,2
63,46,38,0
0,31,7,5
35,43,18,5
90,58,71,1
46,43,26,0
85,75,84,1
71,53,54,4
55,59,71,2
53,66,62,2
100,82,100,6
28,27,15,5
33,39,9,5
47,36,35,0
41,56,46,7
58,42,38,0
76,71,82,1
83,65,71,1
78,74,72,1
56,56,52,2
60,59,69,2
62,68,77,3
46,47,40,0
70,67,63,3
54,54,51,2
67,62,43,4
100,81,100,6
55,58,58,2
42,59,48,7
41,71,62,2
79,74,74,1
85,79,79,1
55,75,66,3
32,48,50,7
60,66,51,2
68,66,77,3
81,61,50,4
48,60,46,2
85,97,100,6
71,80,84,3
40,44,35,0
57,63,47,2
66,69,71,3
17,45,28,5
76,68,90,6
55,44,30,0
74,56,50,4
53,66,49,2
43,46,42,0
53,42,46,0
70,73,70,3
83,57,60,4
41,43,17,5
80,67,79,1
69,52,57,4
68,49,65,4
39,39,25,5
38,77,75,3
63,51,54,4
66,50,53,4
89,71,77,1
71,58,72,4
77,65,67,1
73,80,85,3
45,77,76,3
64,78,85,3
50,64,65,2
41,22,26,5
100,84,100,6
50,69,55,2
69,70,79,3
63,69,70,3
75,69,60,4
15,46,31,5
43,60,53,2
57,92,86,3
67,59,68,4
27,48,33,7
72,48,62,4
66,62,59,4
56,58,48,2
47,77,86,3
88,100,100,6
72,74,65,3
28,34,28,5
32,43,42,7
76,63,67,4
56,57,53,2
100,90,100,6
44,60,51,2
71,58,68,4
84,81,96,6
72,76,77,3
100,68,76,1
83,74,85,1
72,72,74,3
95,79,85,6
43,42,42,0
94,70,60,1
36,53,40,7
45,63,48,2
87,76,77,1
39,67,56,2
91,75,92,6
44,60,45,7
28,63,31,7
76,60,62,4
81,53,64,4
74,56,58,4
53,54,43,2
70,62,66,4
58,62,67,2
79,73,100,6
6,38,16,5
40,43,34,0
44,76,76,3
55,53,55,2
74,74,73,3
40,50,43,7
51,68,63,2
35,41,26,5
65,59,67,4
58,69,68,3
60,57,69,2
61,69,77,3
39,66,42,7
47,68,59,2
50,50,60,2
37,24,28,5
75,55,55,4
77,69,59,4
65,43,41,0
54,35,44,0
39,89,75,3
90,70,73,1
76,81,97,6
39,51,55,2
60,60,65,2
33,43,44,7
55,49,29,0
65,31,32,0
40,66,39,7
44,51,42,7
27,62,47,7
27,55,45,7
45,55,53,2
45,45,46,0
33,50,26,5
54,17,19,0
33,68,63,2
57,62,63,2
88,73,81,1
55,67,63,2
64,67,61,2
49,51,56,2
33,63,54,7
62,63,64,2
27,53,50,7
92,64,86,1
98,74,100,6
58,57,61,2
60,65,61,2
30,43,27,5
81,65,81,1
45,82,78,3
49,53,57,2
64,81,85,3
70,61,63,4
65,65,54,2
75,62,68,4
87,86,92,6
84,73,73,1
45,70,55,2
20,51,45,7
47,75,79,3
26,58,44,7
78,64,79,1
55,59,53,2
32,63,40,7
38,68,53,2
67,64,80,3
73,74,71,3
37,69,51,7
47,51,28,0
62,64,70,3
58,59,63,2
72,56,63,4
64,66,80,3
88,66,70,1
65,62,61,4
53,41,37,0
56,71,75,3
46,48,51,2
72,71,90,6
75,82,75,3
62,57,68,4
48,63,53,2
15,68,47,7
96,93,100,6
55,36,22,0
72,67,62,4
55,57,56,2
78,64,79,1
83,74,64,1
72,70,73,3
75,58,84,1
79,71,72,1
100,88,100,6
38,64,44,7
34,44,34,5
40,57,46,7
74,61,52,4
41,74,66,2
8,24,8,5
66,79,84,3
42,80,79,3
80,65,81,1
62,52,65,4
58,50,61,2
89,85,100,6
81,53,65,4
49,58,62,2
57,61,57,2
43,41,35,0
41,63,46,7
66,24,25,0
46,44,53,2
65,66,61,2
61,84,85,3
39,61,50,7
26,60,55,7
50,73,75,3
38,47,36,0
81,83,78,3
99,71,90,6
33,60,59,7
80,68,92,6
62,36,45,0
98,88,91,6
28,39,19,5
45,57,47,2
73,62,80,3
51,50,38,0
51,76,77,3
68,58,42,4
75,71,85,1
57,47,49,2
58,52,58,2
80,86,100,6
49,58,45,2
68,68,63,3
73,77,77,3
72,74,88,3
74,52,53,4
42,58,60,2
96,76,85,1
82,67,83,1
74,52,48,4
89,95,93,6
44,77,62,2
51,64,58,2
56,75,53,2
30,35,24,5
97,69,90,1
53,78,75,3
35,35,34,5
54,66,66,2
48,64,63,2
11,48,39,7
56,29,21,0
47,30,20,5
27,42,36,5
76,73,88,6
81,74,84,1
59,75,76,3
68,67,60,4
73,74,88,6
85,81,99,6
71,57,55,4
36,62,43,7
48,60,58,2
51,49,47,2
55,69,67,2
51,62,49,2
53,43,52,2
49,53,49,2
71,69,65,3
62,62,62,2
75,70,81,1
72,55,53,4
67,74,60,3
72,71,76,3
76,60,54,4
45,33,29,0
94,73,93,6
40,43,54,7
38,58,56,2
98,83,86,6
68,76,80,3
60,72,90,3
93,67,85,1
61,52,49,4
55,60,53,2
31,60,58,7
72,66,73,3
63,69,77,3
74,60,75,3
31,65,54,7
26,64,49,7
67,68,70,3
88,56,55,4
37,47,30,0
65,60,52,4
74,63,66,4
68,51,65,4
68,57,46,4
90,62,80,1
53,58,67,2
60,64,72,3
18,19,12,5
59,60,60,2
50,75,68,3
48,65,58,2
60,57,54,2
73,79,87,6
36,44,27,5
62,39,40,0
46,52,52,2
52,54,67,2
42,56,43,7
77,68,81,1
63,51,50,4
82,65,52,4
49,82,70,3
72,56,54,4
50,59,48,2
51,80,79,3
83,69,71,1
71,66,78,3
32,68,70,2
54,62,55,2
51,72,81,3
72,76,60,3
55,66,67,2
61,72,47,2
84,61,79,1
92,79,92,6
47,56,33,0
68,56,69,4
14,36,33,5
70,73,58,3
62,61,77,3
73,54,62,4
51,58,58,2
41,46,34,0
29,61,46,7
65,66,68,3
88,65,83,1
97,65,79,1
56,60,67,2
44,51,25,0
51,34,36,0
74,70,72,3
57,51,47,2
62,77,61,3
68,68,70,3
63,67,73,3
59,49,47,2
96,52,59,4
43,45,45,0
27,50,44,7
97,42,68,4
64,56,68,4
59,73,58,2
76,73,90,6
68,74,71,3
22,60,40,7
83,66,77,1
67,72,74,3
47,83,71,3
90,72,98,6
54,59,55,2
100,69,100,6
81,64,59,4
79,71,82,1
57,90,83,3
39,45,33,0
42,76,53,2
100,77,100,6
65,44,54,4
84,47,71,4
32,63,44,7
49,42,38,0
56,54,32,0
70,78,93,6
55,44,46,0
66,48,37,0
85,85,91,6
48,42,34,0
70,66,64,3
27,41,19,5
69,71,82,3
56,52,63,2
100,97,100,6
37,63,68,2
31,46,42,7
59,80,73,3
93,94,100,6
81,81,91,6
45,49,50,2
66,63,61,4
52,53,44,2
67,60,70,3
26,46,37,7
37,60,53,7
77,69,77,1
100,74,88,6
35,55,36,7
38,52,49,7
82,75,82,1
92,53,81,1
32,72,68,2
53,62,65,2
79,38,56,4
56,63,73,3
68,48,55,4
44,62,63,2
93,66,82,1
72,82,89,6
100,80,90,6
57,49,38,0
18,65,52,7
56,48,54,2
64,53,53,4
64,40,56,4
55,64,57,2
39,52,57,2
72,76,85,3
62,57,59,4
53,49,53,2
84,53,46,4
55,54,57,2
73,61,52,4
66,64,58,4
66,78,89,3
55,60,65,2
58,47,54,2
60,77,72,3
60,56,50,2
40,68,62,2
50,84,87,3
49,56,57,2
53,77,70,3
100,68,76,1
51,60,51,2
45,43,31,0
14,70,47,7
34,48,35,7
72,66,49,4
69,66,68,3
100,61,72,1
38,46,29,0
82,81,85,6
85,71,96,6
90,71,78,1
73,86,81,3
45,57,58,2
51,44,38,0
31,64,54,7
52,62,55,2
100,72,100,6
87,77,87,6
30,58,40,7
62,45,52,4
61,83,93,6
24,26,24,5
91,67,77,1
45,61,59,2
31,65,43,7
79,64,92,1
52,47,30,0
18,48,30,5
62,59,53,2
44,48,46,7
37,47,51,7
56,57,26,0
38,43,22,5
85,69,64,1
41,60,61,2
95,65,80,1
74,78,95,6
77,62,67,4
59,45,47,0
44,43,47,0
40,31,48,0
25,57,35,7
26,53,54,7
64,43,54,4
57,54,50,2
68,57,68,4
100,61,81,1
97,48,60,4
71,80,88,6
26,34,4,5
91,77,90,6
52,66,72,2
76,61,68,4
76,64,79,1
100,76,97,6
75,75,77,3
72,61,66,4
72,52,55,4
80,76,86,6
64,73,75,3
65,68,81,3
65,41,37,0
43,42,28,0
77,51,52,4
100,79,84,1
56,48,32,0
49,41,48,0
67,80,89,3
70,66,66,3
76,64,64,4
60,40,51,0
53,58,58,2
30,51,50,7
35,51,53,7
85,61,81,1
39,52,25,0
68,53,59,4
59,66,75,3
72,66,62,4
59,74,60,2
28,52,37,7
64,62,77,3
60,80,77,3
85,71,100,6
68,65,51,4
65,63,66,3
27,49,42,7
82,55,68,4
3,25,2,5
47,55,61,2
100,66,86,1
78,73,79,1
61,54,52,4
64,79,80,3
62,73,82,3
95,70,79,1
62,37,45,0
76,73,86,1
61,27,32,0
42,67,62,2
55,66,53,2
26,31,2,5
64,44,26,0
24,42,26,5
60,58,59,2
69,59,47,4
25,35,7,5
80,55,60,4
55,64,75,3
76,81,79,3
33,47,20,5
70,58,67,4
41,36,36,0
33,21,17,5
100,81,94,6
46,72,69,2
36,63,46,7
50,49,42,0
63,54,52,4
60,55,52,2
78,43,48,4
48,55,55,2
39,46,35,0
55,87,93,3
64,74,61,3
79,56,62,4
55,54,46,2
100,70,99,6
58,74,63,3
51,72,68,2
98,70,83,1
36,85,81,3
78,67,80,1
69,78,82,3
53,42,39,0
44,57,62,2
67,75,66,3
86,52,68,4
78,55,45,4
91,59,80,1
43,73,63,2
77,59,55,4
54,55,62,2
42,93,85,3
51,91,96,6
12,49,24,5
42,67,64,2
33,39,27,5
39,74,68,2
51,61,62,2
64,58,66,4
50,53,42,0
82,77,84,1
60,63,56,2
33,34,16,5
65,63,65,4
88,78,80,1
50,59,54,2
38,35,13,5
84,80,75,1
59,54,44,2
50,46,56,2
30,58,43,7
63,75,78,3
41,55,54,2
76,76,79,3
75,64,83,1
71,64,60,4
60,58,55,2
70,77,81,3
22,53,17,5
20,41,29,5
70,60,53,4
40,50,38,7
38,38,23,5
47,47,46,0
36,56,42,7
49,87,94,3
92,66,76,1
55,81,75,3
73,85,93,6
53,40,45,0
70,63,70,3
29,55,37,7
31,48,46,7
43,56,43,7
43,52,38,7
86,77,76,1
70,47,39,0
87,64,88,1
90,79,95,6
76,68,70,1
39,43,41,0
31,70,48,7
48,53,57,2
39,56,46,7
61,60,53,2
73,88,100,6
71,71,90,3
62,48,48,4
44,58,62,2
83,55,58,4
58,61,55,2
67,82,71,3
52,77,77,3
47,62,60,2
84,58,70,1
51,57,45,2
43,43,28,0
42,53,33,0
47,56,56,2
31,49,35,7
81,72,83,1
17,59,28,7
51,65,49,2
44,57,68,2
8,37,18,5
52,64,61,2
57,89,93,6
22,46,39,7
82,75,78,1
80,68,67,1
74,78,77,3
79,47,38,4
50,54,52,2
49,44,50,0
39,47,39,7
56,40,29,0
33,47,31,5
56,51,49,2
38,31,12,5
84,77,90,6
58,45,39,0
63,63,69,3
51,69,54,2
99,57,70,1
52,85,98,6
81,64,65,1
81,52,47,4
62,81,95,6
21,44,23,5
33,52,41,7
24,53,48,7
35,40,37,0
41,46,31,0
49,34,35,0
99,65,75,1
91,61,67,1
61,53,50,4
44,58,41,7
36,46,43,7
64,75,86,3
78,78,86,6
90,70,82,1
100,73,100,6
37,40,29,5
72,66,73,3
61,73,76,3
55,54,33,0
27,64,53,7
79,58,60,4
23,36,18,5
78,68,73,1
100,91,100,6
53,63,62,2
50,66,46,2
51,93,78,3
56,70,54,2
38,47,51,7
69,65,76,3
100,67,90,1
60,73,83,3
43,60,62,2
79,65,69,1
51,54,48,2
65,45,56,4
43,71,70,2
54,51,55,2
42,55,35,7
94,86,97,6
65,58,46,4
56,81,76,3
64,64,54,2
79,59,63,4
64,64,83,3
84,72,74,1
44,67,59,2
53,71,71,3
82,68,80,1
68,49,44,4
86,83,77,1
34,32,25,5
82,59,74,1
58,56,52,2
72,69,74,3
58,78,65,3
58,58,62,2
75,55,55,4
42,38,37,0
36,55,46,7
91,73,66,1
51,39,34,0
54,59,65,2
43,55,56,2
82,64,68,1
37,39,36,0
37,59,41,7
80,55,45,4
64,68,88,3
37,76,58,2
43,72,72,2
63,66,64,3
66,66,74,3
78,88,99,6
100,77,100,6
45,64,40,7
88,73,86,1
68,72,77,3
68,59,57,4
72,67,75,3
61,53,54,4
70,66,81,3
51,62,54,2
28,66,49,7
49,46,43,0
73,49,68,4
45,56,49,2
54,81,75,3
95,77,85,1
25,63,49,7
70,75,62,3
82,78,87,6
20,32,9,5
50,50,46,2
74,56,71,4
45,52,44,7
27,71,41,7
40,52,44,7
50,77,69,3
23,54,32,7
26,53,31,7
69,74,88,3
77,68,71,1
83,74,89,6
29,43,24,5
47,52,51,2
54,50,47,2
82,70,81,1
79,66,62,4
67,68,90,3
24,57,58,7
41,45,31,0
51,55,41,2
57,55,49,2
50,71,71,3
61,41,48,0
83,33,45,4
62,70,70,3
80,56,56,4
45,38,37,0
50,66,50,2
51,54,56,2
83,79,91,6
94,95,100,6
53,55,54,2
57,45,42,0
53,69,93,3
72,78,89,6
2,45,30,5
47,55,51,2
66,55,54,4
70,54,63,4
36,42,24,5
35,56,60,2
42,73,63,2
54,88,90,3
59,51,30,0
60,67,63,2
49,55,50,2
54,65,58,2
29,53,53,7
67,55,43,4
40,48,49,7
70,69,78,3
47,82,65,3
90,81,93,6
49,64,54,2
68,59,70,4
65,62,66,4
91,81,82,1
48,68,47,2
42,60,60,2
92,50,58,4
82,63,64,4
39,58,44,7
97,85,100,6
63,58,57,4
73,64,57,4
67,72,69,3
74,70,83,3
95,53,65,1
64,63,85,3
51,73,73,3
44,50,41,7
34,57,55,7
85,62,65,1
63,51,50,4
58,59,73,3
74,56,64,4
27,42,26,5
85,74,88,6
51,52,53,2
64,50,65,4
64,68,76,3
61,78,77,3
55,49,33,0
43,54,39,7
72,62,62,4
82,88,92,6
65,68,60,2
2,42,32,5
66,80,67,3
43,44,39,0
67,88,90,6
57,70,70,3
54,44,38,0
91,83,88,6
66,82,83,3
92,57,62,4
14,55,34,7
43,45,36,0
100,90,93,6
40,61,52,2
59,30,35,0
36,49,44,7
67,54,62,4
70,72,80,3
45,43,34,0
70,41,50,4
54,45,25,0
49,55,60,2
45,43,28,0
47,69,86,3
66,44,49,4
42,47,40,0
90,80,100,6
68,62,68,3
53,66,61,2
94,81,93,6
75,76,71,3
77,66,65,1
52,62,50,2
55,85,86,3
100,71,84,1
50,56,51,2
48,59,61,2
48,50,45,0
57,56,47,2
94,73,94,6
71,63,67,4
50,34,34,0
59,66,71,3
100,85,84,6
79,54,59,4
53,73,80,3
69,71,58,3
88,99,100,6
50,61,55,2
98,58,70,1
100,84,100,6
86,69,81,1
84,81,100,6
49,52,52,2
33,33,18,5
57,75,70,3
59,60,68,2
52,47,47,0
2,44,27,5
61,61,66,2
52,66,71,2
64,80,84,3
83,79,74,1
81,58,75,1
78,97,95,6
7,53,34,7
64,52,54,4
67,42,62,4
81,92,94,6
56,70,70,3
92,63,90,1
37,49,33,0
41,47,45,7
58,31,29,0
61,65,53,2
89,70,85,1
75,47,49,4
87,71,81,1
96,80,100,6
50,57,55,2
73,76,82,3
43,67,64,2
38,44,40,0
43,60,65,2
60,62,58,2
87,63,71,1
72,73,68,3
100,73,100,6
63,79,79,3
90,58,73,1
28,80,75,3
70,54,52,4
43,63,58,2
76,69,72,1
50,56,59,2
70,72,73,3
30,54,39,7
72,52,67,4
88,48,64,4
69,72,70,3
43,58,54,2
84,71,91,6
100,69,99,6
64,57,70,4
23,47,45,7
56,81,84,3
57,43,40,0
70,63,77,3
71,62,52,4
44,66,64,2
96,79,97,6
74,62,67,4
57,52,42,0
58,75,79,3
29,39,28,5
63,68,86,3
48,52,59,2
55,61,56,2
23,38,25,5
85,64,76,1
60,61,55,2
52,60,57,2
35,51,36,7
79,73,100,6
27,37,22,5
38,52,44,7
56,62,63,2
87,52,60,4
58,39,36,0
38,54,50,7
9,42,16,5
62,47,50,4
30,32,27,5
63,69,80,3
54,73,72,3
74,62,71,3
19,33,0,5
66,58,66,4
70,75,90,6
41,57,43,7
34,37,30,5
64,84,87,3
41,66,47,7
53,56,48,2
81,74,93,6
84,68,71,1
28,49,35,7
67,56,65,4
83,84,96,6
34,63,55,7
53,57,52,2
47,46,31,0
99,76,89,6
57,80,69,3
77,56,57,4
38,40,33,0
66,74,86,3
100,78,96,6
56,54,46,2
54,61,64,2
57,43,48,0
64,91,100,6
46,53,38,0
25,56,36,7
84,73,73,1
93,80,100,6
49,57,49,2
91,80,87,6
69,64,80,3
27,38,19,5
45,33,44,0
55,56,42,2
42,70,74,2
48,53,39,0
41,34,6,5
41,63,65,2
65,73,75,3
50,43,22,0
74,35,40,0
32,62,45,7
83,60,62,4
63,51,49,4
21,20,17,5
29,54,38,7
100,82,100,6
34,61,44,7
70,53,41,4
83,70,76,1
51,68,81,3
52,53,43,2
17,42,29,5
54,55,47,2
37,65,70,2
55,72,62,2
47,54,39,7
57,43,38,0
64,67,63,3
58,48,38,0
39,42,31,0
93,84,92,6
79,72,76,1
32,83,65,2
70,47,60,4
85,72,78,1
68,66,74,3
83,67,59,4
70,88,87,6
36,61,60,2
57,50,64,2
77,43,43,4
100,78,100,6
79,60,81,1
35,59,62,2
59,67,73,3
100,77,100,6
53,57,65,2
88,77,94,6
44,54,50,2
24,51,32,7
88,53,60,4
70,61,82,3
53,61,43,2
72,59,63,4
90,61,80,1
45,34,28,0
64,52,50,4
100,65,81,1
88,88,89,6
19,45,20,5
82,67,77,1
82,66,84,1
26,61,51,7
72,72,70,3
54,44,46,0
48,52,61,2
73,52,64,4
55,53,52,2
86,75,81,1
80,79,71,1
40,47,43,7
89,52,60,4
32,46,41,7
31,40,29,5
62,65,51,2
81,60,74,1
51,67,73,3
64,54,47,4
73,52,65,4
48,65,54,2
44,67,56,2
9,35,17,5
64,57,55,4
51,79,73,3
65,75,73,3
78,67,72,1
54,52,56,2
76,70,71,1
78,72,81,1
48,54,45,2
41,65,71,2
43,66,64,2
55,31,32,0
71,41,40,0
44,61,61,2
27,55,53,7
71,67,69,3
68,63,59,4
90,78,86,6
48,62,57,2
31,48,36,7
47,66,48,2
68,66,80,3
63,63,65,2
51,33,40,0
61,76,72,3
53,63,55,2
77,51,62,4
46,53,51,2
39,49,55,7
43,50,38,0
60,44,53,2
59,50,46,2
59,79,73,3
35,43,43,7
39,58,38,7
77,63,79,1
43,65,54,2
15,24,16,5
67,88,92,6
74,69,91,6
44,38,25,0
59,63,49,2
76,61,74,1
89,65,87,1
63,68,67,3
32,59,48,7
77,83,84,6
33,60,55,7
65,47,52,4
40,60,60,2
64,65,63,2
41,60,41,7
28,45,30,5
34,55,28,7
64,56,59,4
75,77,70,3
95,77,78,1
79,86,88,6
51,46,43,0
69,71,72,3
61,56,57,2
45,57,52,2
90,54,74,1
73,95,82,3
74,82,100,6
63,69,76,3
53,65,52,2
76,58,63,4
55,70,62,2
82,58,51,4
59,63,61,2
58,67,71,3
47,61,74,2
95,75,100,6
65,67,81,3
49,70,53,2
66,66,52,4
24,55,30,7
53,84,95,3
77,43,47,4
73,72,71,3
82,77,91,6
89,84,85,6
45,27,35,0
88,65,69,1
54,72,74,3
68,65,65,3
96,80,98,6
15,46,37,7
100,93,100,6
73,69,81,3
57,67,66,2
49,69,54,2
34,39,34,5
78,58,76,1
64,72,60,3
45,56,54,2
47,35,43,0
58,51,50,2
59,63,72,3
69,85,98,6
65,52,59,4
90,100,100,6
64,62,49,2
57,50,61,2
71,76,68,3
31,61,35,7
59,54,62,2
67,81,89,3
56,66,62,2
62,75,68,3
75,50,49,4
74,60,71,4
88,52,72,1
88,61,82,1
44,45,52,2
35,47,46,7
81,77,88,6
30,31,29,5
47,65,49,2
21,33,12,5
52,49,42,0
47,61,66,2
52,60,50,2
45,34,39,0
70,85,100,6
54,52,61,2
1,54,23,5
42,66,52,2
73,65,74,3
68,76,87,3
62,36,15,0
66,59,55,4
58,77,82,3
57,60,53,2
73,64,56,4
74,54,57,4
73,49,74,4
64,53,36,0
42,65,69,2
79,48,73,4
41,43,40,0
61,65,67,3
67,53,50,4
56,58,48,2
65,74,89,3
57,46,40,0
67,50,51,4
65,58,59,4
61,67,73,3
52,53,50,2
72,71,69,3
40,61,44,7
60,48,39,0
55,58,45,2
86,45,55,4
52,73,72,3
55,76,57,2
40,59,49,7
44,51,54,2
79,83,82,3
73,60,79,3
60,54,52,2
61,47,54,4
38,68,68,2
56,41,50,0
69,72,73,3
84,93,94,6
78,74,70,1
53,76,75,3
50,64,62,2
63,93,88,3
57,53,33,0
61,59,61,2
32,82,72,3
74,75,86,3
78,66,62,4
71,53,43,4
38,45,39,0
10,40,11,5
74,77,91,6
28,41,28,5
68,45,38,0
61,66,73,3
42,43,43,0
22,28,13,5
40,56,48,7
16,70,58,7
75,67,82,1
66,79,86,3
59,50,47,2
44,67,50,2
53,55,46,2
87,65,75,1
44,56,45,7
41,52,65,2
49,58,48,2
53,77,70,3
78,69,63,1
58,57,47,2
87,65,80,1
82,60,63,4
62,58,64,4
58,39,38,0
100,67,80,1
84,64,71,1
45,52,55,2
51,70,76,3
57,65,62,2
85,61,66,1
79,67,80,1
54,60,47,2
88,43,54,4
65,64,64,4
49,52,64,2
49,72,61,2
74,69,76,3
62,73,66,3
66,66,59,4
41,42,27,0
45,85,83,3
80,71,71,1
95,69,86,1
30,44,42,7
78,73,87,1
55,58,41,2
65,63,64,4
74,79,84,3
55,49,53,2
11,83,57,7
40,64,61,2
63,77,75,3
74,59,72,4
43,59,44,7
65,55,65,4
61,77,78,3
45,75,71,3
40,36,23,5
29,46,16,5
35,43,26,5
64,51,61,4
73,49,54,4
39,49,41,7
90,51,53,4
45,56,52,2
87,74,90,6
95,83,81,1
51,59,59,2
61,50,55,4
73,77,79,3
100,62,55,1
88,61,61,4
93,53,71,1
67,60,53,4
80,66,81,1
58,50,77,2
72,58,58,4
55,36,25,0
73,55,56,4
58,57,56,2
62,51,52,4
57,72,81,3
60,64,70,3
69,67,74,3
64,42,57,4
70,67,66,3
82,48,55,4
54,57,60,2
26,43,27,5
53,42,28,0
46,53,54,2
65,52,45,4
83,83,93,6
66,41,45,0
54,49,45,0
51,71,60,2
23,57,51,7
77,61,75,1
71,62,47,4
75,78,78,3
71,56,71,4
22,42,28,5
70,44,49,4
98,76,79,1
49,49,42,0
52,49,54,2
56,66,65,2
81,88,100,6
47,60,53,2
55,46,52,2
82,94,98,6
71,48,35,0
100,83,87,6
61,72,66,3
70,77,80,3
44,50,52,2
52,58,45,2
20,53,43,7
33,59,46,7
34,38,31,5
94,76,88,6
38,58,41,7
60,56,60,2
68,56,58,4
67,72,81,3
19,55,37,7
9,40,10,5
39,60,52,7
85,84,80,1
76,71,77,1
47,57,51,2
68,65,55,4
58,49,45,0
16,47,50,7
50,37,43,0
47,62,49,2
82,54,51,4
48,47,32,0
57,69,70,3
60,79,86,3
40,40,33,0
70,76,67,3
54,72,70,3
37,45,43,7
88,87,90,6
60,62,69,2
97,76,99,6
74,45,56,4
74,55,48,4
54,68,62,2
44,56,52,2
69,53,40,4
65,64,48,2
100,64,79,1
79,62,62,4
69,83,93,6
96,68,87,1
54,54,45,2
75,82,82,3
80,69,92,6
50,54,41,2
100,81,100,6
77,48,63,4
69,48,53,4
63,47,53,4
60,45,52,2
74,81,81,3
55,73,76,3
51,70,69,2
83,97,100,6
60,81,82,3
79,74,81,1
69,62,72,3
60,58,67,2
49,89,95,3
53,53,43,2
59,55,63,2
36,52,50,7
31,58,37,7
77,61,70,1
74,72,92,6
67,71,73,3
67,62,56,4
62,51,56,4
43,60,48,2
73,68,65,3
43,58,49,2
54,54,54,2
64,73,79,3
92,78,100,6
88,45,59,4
57,69,54,2
34,51,46,7
22,28,12,5
88,79,85,6
76,56,73,4
81,63,67,1
65,68,80,3
49,47,36,0
60,45,47,0
84,53,59,4
60,82,77,3
56,61,56,2
83,77,84,1
64,67,70,3
65,50,49,4
60,69,66,3
51,55,53,2
61,82,78,3
56,83,83,3
35,36,27,5
49,65,53,2
46,49,38,0
75,48,58,4
79,68,74,1
51,62,54,2
28,29,23,5
55,71,73,3
49,80,68,3
39,50,48,7
44,73,57,2
87,80,91,6
30,50,27,5
76,54,49,4
49,49,61,2
68,69,65,3
75,64,77,1
80,90,95,6
62,53,45,4
26,54,41,7
71,62,81,3
76,56,52,4
46,39,39,0
58,67,63,2
56,50,37,0
81,75,61,1
53,77,64,3
86,63,62,1
62,71,68,3
68,60,61,4
53,51,48,2
51,53,46,2
55,55,60,2
83,75,75,1
38,48,35,0
44,41,45,0
85,46,67,4
61,59,59,2
36,50,48,7
54,55,40,2
38,55,27,0
52,53,49,2
41,65,57,2
35,49,39,7
48,84,92,3
76,60,67,4
29,60,35,7
40,53,44,7
53,68,59,2
62,46,54,4
81,54,74,1
80,61,48,4
69,73,75,3
72,57,69,4
36,61,59,2
89,75,84,1
55,47,47,0
100,74,90,6
100,77,100,6
30,52,39,7
81,61,75,1
94,75,78,1
40,92,79,3
66,64,77,3
66,70,81,3
74,60,63,4
47,59,51,2
70,88,87,6
33,64,52,7
50,48,51,2
13,24,5,5
51,49,37,0
38,50,44,7
38,76,59,2
60,83,74,3
36,60,47,7
72,78,91,6
43,68,46,2
45,33,41,0
48,58,50,2
70,51,45,4
69,67,72,3
35,27,12,5
75,63,67,4
76,57,61,4
49,58,59,2
88,87,97,6
66,41,51,4
27,43,33,5
88,56,62,4
24,46,24,5
50,57,46,2
78,60,61,4
77,54,78,1
38,62,59,2
81,76,79,1
62,44,41,0
54,67,62,2
83,60,57,4
43,54,56,2
54,49,28,0
69,65,68,3
19,38,13,5
66,61,77,3
57,52,54,2
51,79,58,2
60,58,64,2
44,57,40,7
98,73,81,1
45,63,44,2
88,75,89,6
42,50,54,2
47,52,40,0
82,75,80,1
70,48,61,4
57,53,45,2
83,65,90,1
46,50,24,0
83,69,68,1
51,68,71,2
68,61,61,4
62,43,55,4
51,68,56,2
67,53,55,4
94,57,69,1
36,67,61,2
58,60,42,2
33,68,45,7
72,60,74,3
44,54,49,2
46,50,36,0
67,70,80,3
36,76,53,2
81,53,51,4
35,68,50,7
90,55,78,1
68,63,75,3
37,59,53,7
27,37,31,5
64,64,63,2
98,50,68,1
72,83,86,3
87,82,97,6
76,75,98,6
70,61,63,4
10,62,45,7
30,48,42,7
9,36,21,5
49,61,47,2
58,45,44,0
67,74,83,3
46,60,58,2
23,48,40,7
60,72,68,3
58,43,36,0
89,59,60,4
74,45,43,4
72,48,60,4
68,79,83,3
48,77,70,3
72,54,62,4
28,67,50,7
31,37,23,5
77,69,76,1
65,56,54,4
62,74,71,3
64,57,76,3
59,70,74,3
71,43,51,4
38,60,40,7
72,42,47,4
51,46,44,0
34,67,58,2
47,39,35,0
65,82,86,3
36,39,26,5
64,54,53,4
67,57,60,4
100,57,79,1
43,43,32,0
45,59,48,2
44,57,52,2
44,45,46,0
61,69,75,3
57,58,65,2
57,83,91,3
99,97,99,6
76,83,98,6
52,58,63,2
81,42,56,4
96,72,87,1
62,58,59,4
47,67,61,2
24,60,52,7
40,61,39,7
42,66,56,2
67,77,69,3
62,67,67,3
18,84,51,7
46,69,76,3
73,78,74,3
69,68,72,3
87,53,51,4
57,45,55,2
44,52,49,2
50,59,42,2
64,56,58,4
56,45,38,0
50,49,55,2
42,48,34,0
100,69,76,1
37,56,52,7
55,74,75,3
54,75,80,3
56,56,58,2
41,36,20,5
11,39,35,5
62,66,66,3
83,73,87,1
36,48,35,7
80,86,91,6
31,60,50,7
25,54,29,7
60,49,34,0
75,59,68,4
70,67,68,3
50,45,59,2
71,69,73,3
78,49,65,4
65,47,58,4
62,83,90,3
46,65,60,2
100,62,77,1
22,55,48,7
84,62,60,4
72,73,75,3
46,57,48,2
58,51,56,2
59,50,51,2
70,75,78,3
61,50,54,4
88,81,96,6
25,73,59,7
39,67,74,2
44,68,52,2
48,59,50,2
75,61,57,4
37,47,44,7
55,52,51,2
49,61,60,2
62,49,52,4
75,62,75,1
55,46,53,2
35,31,22,5
37,48,29,0
59,62,61,2
57,68,65,2
23,33,26,5
69,72,80,3
28,77,67,2
29,53,30,7
32,41,30,5
64,68,64,3
56,58,66,2
100,63,92,1
56,50,39,0
47,21,32,0
71,75,71,3
54,73,92,3
46,43,63,2
52,61,51,2
45,29,37,0
26,55,34,7
43,60,66,2
62,45,38,0
86,77,100,6
53,60,69,2
47,77,74,3
67,93,79,3
18,30,4,5
52,41,38,0
85,65,67,1
53,58,66,2
54,62,67,2
64,66,76,3
67,59,68,4
93,59,82,1
62,47,46,0
55,50,51,2
30,36,5,5
90,45,54,4
70,84,95,6
59,65,64,2
52,56,59,2
72,67,81,3
55,57,51,2
48,39,28,0
67,62,62,4
20,58,43,7
54,62,50,2
70,78,86,3
78,52,63,4
76,75,82,3
43,37,33,0
72,65,81,3
68,65,68,3
94,62,79,1
41,45,47,7
67,54,63,4
19,44,20,5
63,63,56,2
52,59,56,2
64,71,72,3
46,45,12,5
90,65,81,1
55,62,65,2
75,62,82,1
69,59,63,4
100,78,96,6
37,43,42,7
87,79,92,6
60,41,27,0
41,37,27,5
49,69,56,2
60,65,76,3
75,86,97,6
56,41,49,0
68,71,78,3
100,69,91,1
59,48,44,0
44,61,52,2
71,62,83,3
72,62,68,4
31,23,19,5
39,67,37,7
45,48,35,0
100,91,94,6
52,54,62,2
40,64,54,2
55,73,73,3
53,81,75,3
63,58,67,4
45,45,37,0
62,64,58,2
68,65,67,3
100,59,80,1
56,66,80,3
92,89,100,6
77,88,98,6
51,75,69,3
93,81,86,6
71,74,84,3
79,75,90,6
33,64,54,7
73,64,63,4
41,47,48,7
42,58,58,2
34,60,44,7
44,69,57,2
25,27,32,5
53,40,33,0
49,69,62,2
67,56,54,4
61,54,58,4
78,69,83,1
74,68,55,4
74,77,75,3
68,52,45,4
56,39,48,0
62,87,77,3
75,76,76,3
28,48,37,7
53,57,60,2
64,50,47,4
63,66,63,2
90,56,73,1
87,84,84,6
85,69,75,1
67,59,72,3
70,57,55,4
49,54,49,2
68,68,58,4
96,68,83,1
70,71,72,3
65,65,78,3
52,57,56,2
64,73,66,3
98,65,76,1
61,68,72,3
53,63,63,2
100,77,100,6
65,71,84,3
74,53,62,4
84,61,80,1
84,54,56,4
56,58,51,2
55,73,64,2
50,60,58,2
25,40,13,5
99,72,95,6
77,49,63,4
20,36,27,5
42,54,56,2
42,69,73,2
84,75,79,1
46,48,27,0
83,59,73,1
19,52,34,7
56,81,79,3
70,67,82,3
62,57,51,4
26,48,41,7
55,47,52,2
57,81,90,3
85,44,46,4
32,59,54,7
92,74,91,6
63,65,70,3
66,62,75,3
45,51,33,0
44,45,51,7
46,58,57,2
62,67,60,2
56,45,64,2
70,80,77,3
11,47,18,5
54,57,51,2
67,65,55,4
49,55,59,2
65,52,55,4
67,69,77,3
62,54,57,4
57,75,70,3
63,47,48,4
59,70,61,2
84,52,64,4
56,73,62,2
46,40,35,0
56,62,53,2
52,39,46,0
74,75,90,6
69,60,60,4
19,55,32,7
67,67,71,3
65,46,40,0
76,61,72,1
100,83,100,6
39,49,35,0
33,75,50,7
48,39,39,0
37,54,39,7
86,63,68,1
32,48,51,7
80,48,63,4
72,84,77,3
47,44,38,0
46,67,63,2
41,61,50,2
61,71,68,3
71,61,65,4
64,75,75,3
76,54,53,4
86,36,53,4
56,56,38,0
68,51,62,4
40,68,69,2
41,24,17,5
83,59,69,1
43,41,43,0
25,68,48,7
61,75,62,3
42,77,54,2
71,76,70,3
74,69,57,4
100,76,100,6
74,56,74,4
81,77,79,1
50,41,46,0
42,65,59,2
68,72,85,3
50,45,38,0
100,67,78,1
66,58,70,4
40,52,37,7
63,55,58,4
56,67,67,2
61,69,82,3
38,34,44,0
62,49,48,4
52,62,57,2
48,62,38,7
53,51,49,2
37,57,36,7
75,72,72,3
2,60,37,7
91,82,100,6
46,45,45,0
51,55,60,2
43,50,33,0
44,56,56,2
87,79,81,1
81,72,82,1
66,77,80,3
56,69,64,2
72,59,71,4
42,63,73,2
61,65,63,2
44,55,44,7
86,67,72,1
60,66,66,2
72,71,78,3
70,57,64,4
62,56,44,2
80,33,50,4
75,61,73,1
94,70,85,1
87,73,92,6
55,56,57,2
84,51,63,4
52,72,62,2
62,52,61,4
52,52,48,2
25,54,27,5
67,61,62,4
50,46,56,2
84,51,67,4
84,62,67,1
50,61,64,2
30,66,59,7
52,72,65,2
51,30,43,0
51,42,37,0
100,90,96,6
60,48,52,2
72,70,82,3
66,52,46,4
80,68,74,1
99,92,100,6
50,60,48,2
72,75,87,3
95,81,90,6
73,52,73,4
69,70,65,3
51,77,45,2
86,64,68,1
72,81,76,3
71,67,81,3
55,64,44,2
71,70,80,3
41,69,40,7
39,43,43,7
76,47,50,4
87,68,70,1
68,40,45,0
63,48,58,4
64,58,63,4
47,70,53,2
76,80,83,3
42,62,53,2
100,89,100,6
74,50,47,4
78,80,75,3
54,60,61,2
44,63,45,2
63,72,69,3
75,49,59,4
93,52,68,1
40,56,47,7
61,72,77,3
72,58,73,4
48,44,38,0
71,60,65,4
51,84,77,3
56,50,30,0
41,55,47,7
71,77,60,3
72,86,95,6
49,39,12,5
54,36,30,0
79,62,71,1
56,51,53,2
68,56,70,4
84,79,100,6
41,37,52,0
76,73,84,1
79,40,39,0
92,62,60,1
67,46,60,4
17,56,45,7
58,52,51,2
68,72,90,3
20,54,47,7
50,46,34,0
96,50,63,4
79,70,77,1
47,66,63,2
60,48,45,0
61,74,71,3
42,55,49,7
87,81,89,6
60,58,46,2
37,36,24,5
78,70,90,6
79,70,63,1
5,32,10,5
67,46,41,0
69,52,54,4
72,72,82,3
18,45,25,5
58,53,47,2
41,71,66,2
82,54,77,1
80,58,69,4
34,46,48,7
25,58,47,7
65,75,81,3
65,47,38,0
48,45,27,0
83,55,82,1
52,56,61,2
90,63,62,1
47,43,24,0
50,64,53,2
83,74,80,1
49,63,74,2
61,75,71,3
48,63,73,2
67,61,59,4
100,72,77,1
96,69,82,1
82,73,81,1
65,30,47,0
87,57,70,1
65,69,75,3
69,64,70,3
78,75,65,3
36,63,61,2
59,47,44,0
25,46,29,5
49,54,62,2
75,51,51,4
60,60,57,2
39,67,50,7
59,66,56,2
44,64,36,7
53,56,51,2
80,62,82,1
53,66,65,2
35,59,46,7
58,74,64,3
45,51,47,7
43,34,18,5
76,61,76,1
48,80,71,3
98,77,93,6
45,64,68,2
24,39,36,5
61,70,77,3
59,48,40,0
53,55,61,2
56,46,55,2
67,72,81,3
75,39,30,0
81,36,56,4
42,56,45,7
66,61,62,4
100,93,100,6
29,48,35,7
34,45,42,7
25,34,19,5
50,53,47,2
61,37,51,0
97,56,83,1
65,64,65,3
53,56,61,2
77,72,89,6
58,47,46,0
76,66,68,1
66,50,43,4
44,58,42,7
85,61,71,1
87,75,87,1
30,65,55,7
82,87,92,6
70,73,71,3
63,71,78,3
39,57,44,7
55,40,22,0
70,37,42,0
45,33,32,0
84,80,88,6
30,67,50,7
74,65,57,4
84,68,93,6
50,70,39,2
90,83,89,6
70,62,66,4
73,68,65,3
65,67,68,3
53,53,51,2
52,59,44,2
57,61,71,2
25,47,38,7
30,32,24,5
61,66,64,2
73,66,60,4
63,36,37,0
18,50,20,5
57,67,58,2
72,63,65,4
46,50,48,2
64,72,77,3
76,46,42,4
100,67,73,1
50,58,51,2
47,43,43,0
63,75,86,3
49,64,66,2
68,48,52,4
51,68,48,2
55,49,53,2
51,57,60,2
48,42,46,0
68,87,91,6
51,76,64,2
58,73,75,3
22,44,15,5
76,66,83,1
64,73,57,2
62,49,46,4
66,63,65,4
36,59,45,7
42,66,64,2
73,70,88,3
27,39,14,5
52,60,35,2
74,52,53,4
34,76,61,2
80,54,65,4
65,79,95,6
23,45,32,5
54,60,67,2
48,53,38,0
51,61,72,2
56,51,51,2
44,60,65,2
95,92,88,6
69,65,59,4
31,37,34,5
76,45,41,4
62,46,52,4
43,44,46,0
44,49,48,7
47,71,46,2
73,50,39,4
59,69,70,3
61,83,82,3
35,44,53,7
67,63,60,4
72,57,68,4
60,59,50,2
60,63,64,2
38,45,40,7
59,42,54,2
72,75,75,3
63,66,64,3
93,100,100,6
93,72,83,1
29,51,33,7
18,26,20,5
56,47,48,0
85,63,72,1
36,58,58,2
100,64,63,1
21,59,50,7
27,53,33,7
65,56,59,4
51,76,83,3
81,49,49,4
88,39,47,4
51,51,57,2
60,73,64,3
52,75,73,3
37,52,41,7
58,52,54,2
37,64,50,7
35,44,51,7
51,56,59,2
51,65,69,2
84,60,78,1
92,89,99,6
49,21,22,5
71,54,53,4
91,73,97,6
63,68,46,2
27,52,38,7
83,61,72,1
61,58,64,2
62,80,70,3
56,57,54,2
100,77,93,6
99,62,74,1
45,70,68,2
54,50,61,2
43,69,54,2
82,71,83,1
59,63,75,3
59,37,30,0
94,75,94,6
77,70,78,1
84,53,54,4
86,83,100,6
38,56,38,7
80,47,54,4
68,62,74,3
53,59,55,2
58,42,29,0
51,56,70,2
49,42,40,0
73,61,60,4
70,71,74,3
31,36,28,5
71,92,100,6
80,80,90,6
39,66,44,7
76,71,74,1
39,52,38,7
55,59,62,2
40,85,65,3
67,77,95,6
53,39,23,0
59,61,54,2
80,64,60,4
97,73,96,6
67,45,66,4
80,74,74,1
83,53,62,4
27,64,58,7
58,62,62,2
78,81,88,6
88,78,100,6
73,57,72,4
28,32,23,5
60,76,78,3
24,57,30,7
31,34,26,5
70,69,84,3
64,70,72,3
42,65,49,2
65,64,58,4
74,45,44,4
91,72,73,1
61,48,63,4
56,65,74,3
40,65,65,2
51,55,46,2
44,72,72,2
56,40,26,0
34,74,63,2
63,70,76,3
72,67,60,4
49,58,49,2
62,56,52,4
64,70,76,3
66,66,66,3
55,84,84,3
67,59,68,4
34,47,28,5
49,37,34,0
29,59,45,7
34,67,57,2
36,52,28,0
73,75,81,3
53,54,53,2
55,42,48,0
77,68,86,1
63,54,57,4
57,41,32,0
57,54,48,2
35,34,33,5
54,74,68,3
57,75,70,3
99,76,94,6
74,57,60,4
54,60,66,2
38,54,47,7
71,53,66,4
50,46,41,0
88,85,92,6
58,36,36,0
59,68,60,2
43,56,61,2
81,62,58,4
91,80,86,6
31,45,30,5
56,73,72,3
63,70,65,3
78,60,77,1
54,36,31,0
67,84,100,6
74,64,66,4
73,51,49,4
45,56,44,7
67,59,47,4
7,61,39,7
81,55,62,4
75,62,64,4
96,62,87,1
60,44,37,0
100,76,94,6
42,53,64,2
64,64,68,3
100,96,100,6
19,41,24,5
56,50,36,0
88,86,100,6
47,67,55,2
87,58,61,4
37,38,29,5
55,56,62,2
35,39,21,5
44,44,49,0
77,65,91,1
73,56,64,4
74,61,73,3
55,69,71,3
43,44,25,0
64,56,40,4
66,49,59,4
90,43,55,4
47,51,33,0
62,81,77,3
78,81,86,6
85,67,74,1
17,62,37,7
69,66,67,3
89,66,71,1
48,58,65,2
100,74,87,1
94,68,80,1
100,58,77,1
67,75,76,3
28,33,13,5
56,70,63,2
85,69,75,1
64,72,65,3
76,55,63,4
80,70,79,1
43,42,33,0
40,60,67,2
42,66,73,2
46,66,60,2
70,33,36,0
75,58,50,4
57,73,89,3
75,45,71,4
59,80,84,3
45,63,44,2
83,59,58,4
99,76,96,6
91,70,100,6
81,67,97,6
61,65,65,2
62,79,82,3
50,83,77,3
64,63,62,2
80,52,67,4
80,47,50,4
55,57,48,2
40,67,63,2
74,68,85,1
97,65,68,1
65,72,61,3
66,63,64,4
59,44,62,2
77,64,85,1
65,48,46,4
76,60,49,4
74,58,67,4
78,54,69,4
80,72,100,6
75,67,68,3
48,44,39,0
57,52,48,2
36,47,42,7
64,89,78,3
69,25,31,0
68,73,75,3
81,77,89,6
46,60,55,2
80,53,69,4
90,53,51,4
80,58,58,4
76,57,61,4
33,40,46,7
56,81,87,3
65,65,58,2
57,55,42,2
63,75,75,3
44,41,33,0
27,43,37,7
75,66,95,6
28,40,26,5
61,73,84,3
76,73,76,3
54,75,61,2
85,75,90,6
74,40,46,4
80,71,99,6
82,70,70,1
61,77,65,3
68,52,62,4
77,46,57,4
71,80,79,3
52,57,37,0
64,35,38,0
67,68,71,3
77,68,78,1
56,71,68,3
49,47,35,0
69,87,92,6
58,56,36,0
40,54,47,7
39,59,58,2
23,43,26,5
77,59,70,4
68,64,59,4
53,59,56,2
43,66,71,2
79,76,78,1
96,80,95,6
52,56,34,0
40,62,49,7
77,62,79,1
51,51,38,0
59,87,87,3
79,53,63,4
45,57,52,2
69,52,50,4
52,70,68,2
50,35,38,0
86,53,58,4
47,64,56,2
75,67,64,3
64,47,35,0
43,51,47,7
49,56,47,2
10,40,15,5
89,75,76,1
80,86,89,6
51,40,55,2
45,57,51,2
58,46,49,0
51,50,35,0
44,60,52,2
54,58,49,2
61,57,64,2
75,66,86,1
44,46,27,0
22,44,29,5
56,54,79,3
60,35,21,0
70,72,69,3
69,54,62,4
71,59,66,4
22,49,24,5
55,64,55,2
61,68,64,2
57,65,83,3
51,49,46,0
85,48,60,4
64,57,72,3
78,52,61,4
92,73,72,1
59,72,62,2
62,54,44,2
65,77,81,3
60,60,46,2
76,64,73,1
49,47,49,2
70,53,54,4
46,44,30,0
74,49,40,4
62,72,75,3
90,75,100,6
73,72,76,3
65,53,59,4
63,58,70,4
65,57,64,4
77,66,68,1
67,53,59,4
39,57,53,7
51,85,76,3
49,51,38,0
68,73,72,3
12,60,27,7
57,76,76,3
53,63,60,2
73,55,71,4
74,67,87,1
99,62,99,6
32,45,22,5
77,65,66,1
49,68,65,2
43,69,63,2
99,69,89,1
54,49,36,0
37,78,55,2
68,62,82,3
63,58,58,4
82,53,58,4
53,74,68,3
51,37,30,0
74,61,74,3
52,74,59,2
45,51,42,7
53,69,68,2
77,64,64,4
73,68,68,3
55,58,43,2
49,47,29,0
33,51,34,7
50,35,26,0
67,70,81,3
72,73,73,3
67,69,67,3
70,64,77,3
45,46,42,0
88,58,74,1
76,86,92,6
48,39,31,0
35,74,69,2
75,50,63,4
52,54,49,2
33,38,31,5
60,42,49,0
46,46,52,2
80,83,97,6
49,59,51,2
28,39,32,5
54,73,70,3
29,55,40,7
26,38,15,5
56,47,55,2
37,48,27,5
93,82,100,6
58,47,45,0
87,81,97,6
99,84,88,6
48,39,43,0
16,50,33,7
62,55,55,4
65,75,78,3
54,57,52,2
96,66,67,1
100,90,100,6
38,42,22,5
59,70,66,3
54,63,52,2
60,72,60,2
41,51,35,0
61,86,74,3
62,50,51,4
62,48,42,0
51,41,10,5
53,53,54,2
85,75,94,6
80,57,58,4
60,49,39,0
100,46,57,4
29,57,41,7
52,58,55,2
56,36,24,0
75,67,73,1
49,65,67,2
31,36,13,5
100,72,80,1
85,65,83,1
74,74,79,3
19,71,55,7
100,94,100,6
83,55,69,4
61,72,82,3
24,37,37,5
46,64,48,2
100,91,97,6
36,58,53,7
34,52,43,7
91,69,81,1
59,60,52,2
61,58,65,2
78,47,61,4
66,50,57,4
79,80,67,3
49,73,63,2
79,76,94,6
65,48,49,4
22,34,14,5
33,63,53,7
56,68,81,3
86,71,81,1
37,46,40,7
58,49,50,2
57,52,48,2
79,52,58,4
46,77,63,2
35,52,35,7
33,53,41,7
58,64,60,2
33,38,28,5
99,83,100,6
48,49,53,2
88,72,89,1
40,53,52,7
79,52,66,4
80,78,100,6
66,78,72,3
64,70,61,3
45,48,45,0
51,67,40,2
87,67,74,1
70,61,72,3
43,57,47,7
99,72,100,6
87,70,81,1
77,84,95,6
34,51,57,7
31,52,33,7
58,53,53,2
40,51,45,7
44,79,61,2
45,58,54,2
57,61,70,2
16,48,21,5
37,48,56,7
43,51,50,7
49,54,53,2
88,64,64,1
67,56,74,3
70,85,91,6
50,73,81,3
73,64,58,4
14,40,25,5
66,68,80,3
100,68,84,1
65,81,75,3
58,50,51,2
74,65,80,1
75,54,59,4
61,62,50,2
68,76,81,3
56,56,52,2
75,72,68,3
32,67,65,2
50,49,44,0
81,64,62,4
97,79,81,1
34,52,48,7
83,96,100,6
41,50,49,7
41,56,57,2
58,54,45,2
52,69,59,2
44,66,63,2
73,62,59,4
94,57,66,1
73,49,59,4
56,64,72,3
61,58,62,2
57,41,47,0
64,56,51,4
86,73,94,6
45,64,51,2
45,54,48,2
100,67,89,1
58,56,55,2
68,73,72,3
39,63,73,2
49,62,49,2
65,100,100,6
42,75,74,3
47,77,77,3
36,55,54,7
55,48,58,2
80,57,69,4
65,63,49,4
100,62,64,1
35,46,48,7
44,70,61,2
54,49,50,2
60,82,73,3
67,37,44,0
53,76,73,3
30,64,56,7
61,54,55,4
37,43,24,5
44,71,66,2
98,42,60,4
66,65,73,3
60,68,58,2
94,59,76,1
56,43,32,0
62,49,57,4
68,63,70,3
58,69,64,2
0,53,20,5
56,69,73,3
58,75,62,3
80,84,94,6
75,44,51,4
100,67,100,6
74,76,85,3
11,61,36,7
71,70,68,3
72,53,72,4
58,64,70,3
70,52,45,4
53,56,52,2
35,49,36,7
72,69,90,3
51,47,42,0
70,63,66,4
44,64,66,2
35,56,46,7
52,49,44,0
46,65,50,2
44,60,59,2
42,45,40,0
64,63,77,3
80,75,71,1
56,81,69,3
73,78,69,3
48,53,43,7
60,44,48,0
52,51,41,0
79,80,77,3
55,60,64,2
43,47,43,0
57,68,69,3
88,57,76,1
71,50,65,4
53,70,57,2
63,60,62,4
69,72,70,3
25,34,4,5
100,85,100,6
57,63,55,2
24,62,44,7
48,55,50,2
76,60,65,4
58,68,60,2
65,61,52,4
60,53,47,2
87,78,84,1
77,61,60,4
52,33,28,0
38,38,27,5
86,74,67,1
80,51,65,4
74,53,55,4
70,55,41,4
82,56,50,4
86,73,87,1
54,64,66,2
86,93,90,6
61,73,70,3
46,63,64,2
95,96,100,6
50,75,58,2
77,54,85,1
55,61,63,2
76,49,48,4
62,43,49,0
47,68,59,2
67,48,44,4
83,54,64,4
58,43,47,0
55,72,65,2
48,62,54,2
57,44,27,0
82,56,68,4
55,53,49,2
55,60,60,2
60,61,70,2
34,39,21,5
99,81,92,6
67,72,63,3
64,65,68,3
31,68,63,2
62,64,67,3
23,65,53,7
47,49,43,0
98,47,51,4
74,80,97,6
63,41,41,0
59,53,41,0
32,46,41,7
92,78,93,6
88,72,85,1
19,58,44,7
83,71,83,1
84,51,63,4
79,93,100,6
59,64,61,2
3,58,31,7
66,52,50,4
87,64,70,1
14,48,29,5
25,47,34,7
79,69,90,6
69,57,67,4
75,53,59,4
85,62,55,4
67,56,58,4
77,65,67,1
80,43,41,4
60,70,61,2
45,70,64,2
92,61,100,6
49,73,60,2
46,47,54,2
39,41,38,0
62,58,57,4
37,37,37,0
47,48,41,0
63,59,63,4
35,60,57,2
34,60,54,7
74,73,83,3
64,46,47,4
100,62,66,1
60,43,54,2
92,60,79,1
62,53,61,4
53,63,84,3
43,57,39,7
48,76,75,3
34,57,48,7
61,69,65,3
84,60,68,1
31,46,32,5
66,61,56,4
51,36,30,0
79,69,84,1
68,55,62,4
91,70,91,6
56,43,45,0
46,87,90,3
77,59,64,4
35,56,29,7
48,75,65,2
60,60,67,2
62,53,49,4
94,83,99,6
86,69,72,1
92,54,76,1
48,53,38,0
59,43,29,0
31,45,40,7
94,62,71,1
98,73,86,1
74,79,80,3
69,67,73,3
56,45,44,0
54,54,40,0
76,56,65,4
41,29,21,5
73,82,92,6
47,58,49,2
87,85,88,6
58,64,50,2
63,72,77,3
70,49,44,4
38,76,68,2
46,55,63,2
44,71,61,2
89,94,100,6
58,56,57,2
34,42,56,7
22,43,22,5
57,50,50,2
59,52,59,2
100,72,90,6
81,64,57,4
70,62,70,3
35,41,25,5
62,55,65,4
78,49,62,4
71,61,54,4
62,66,69,3
58,51,50,2
75,46,41,4
25,44,34,5
64,55,60,4
76,45,63,4
53,51,43,0
44,55,54,2
74,74,90,6
76,59,58,4
24,32,20,5
44,34,36,0
55,49,65,2
100,78,100,6
89,75,94,6
43,71,73,2
27,46,44,7
55,50,48,2
66,74,78,3
85,76,86,1
77,43,61,4
100,72,73,1
41,55,40,7
39,46,40,7
32,59,46,7
77,61,66,4
36,60,47,7
64,77,82,3
46,49,38,0
65,64,62,4
55,52,40,0
37,66,47,7
100,81,88,6
34,33,13,5
72,57,75,3
65,74,73,3
80,62,73,1
85,64,61,4
64,48,46,4
64,88,100,6
70,68,69,3
54,70,63,2
45,55,47,2
58,48,52,2
85,80,92,6
66,66,56,4
81,68,79,1
76,63,72,1
28,29,17,5
7,39,17,5
67,45,42,0
37,55,50,7
0,58,41,7
84,45,53,4
77,52,59,4
52,78,78,3
48,66,65,2
90,68,93,6
73,50,64,4
74,42,59,4
93,62,87,1
5,47,21,5
76,66,82,1
30,40,36,5
80,86,89,6
94,64,89,1
99,72,96,6
45,61,53,2
91,62,79,1
78,42,56,4
43,65,73,2
88,69,57,1
51,73,53,2
82,99,100,6
97,79,86,6
67,60,72,3
74,61,81,1
49,39,33,0
82,65,68,1
64,69,77,3
77,71,89,6
92,76,90,6
59,54,49,2
60,40,40,0
58,51,59,2
55,48,47,0
51,53,45,2
80,54,72,4
65,44,37,0
64,49,43,0
82,61,72,1
65,66,65,3
67,90,94,6
62,57,56,4
76,83,82,3
85,70,75,1
68,68,79,3
26,57,31,7
49,38,33,0
67,59,60,4
25,62,45,7
61,71,76,3
63,70,79,3
49,76,57,2
38,69,64,2
69,64,70,3
90,64,67,1
63,70,62,3
76,71,58,3
73,54,61,4
29,58,48,7
53,76,65,3
21,39,26,5
88,65,87,1
34,47,43,7
50,55,64,2
0,8,0,5
48,77,82,3
40,42,20,5
86,68,71,1
49,55,52,2
92,79,78,1
59,45,47,0
93,57,63,1
41,64,40,7
62,81,92,3
28,42,36,5
55,47,53,2
61,66,58,2
56,58,50,2
36,61,50,7
73,78,80,3
31,30,28,5
46,71,56,2
79,45,44,4
100,78,90,6
61,88,84,3
63,69,70,3
42,42,38,0
69,65,59,4
78,78,91,6
31,48,35,7
76,78,74,3
63,64,63,2
71,38,55,4
47,74,68,2
100,76,100,6
48,51,36,0
79,71,76,1
67,57,59,4
35,71,52,7
85,76,78,1
64,48,47,4
69,61,54,4
63,50,45,4
70,48,44,4
42,69,58,2
48,56,53,2
36,58,39,7
59,59,70,2
44,57,47,2
28,37,29,5
37,79,71,3
54,55,33,0
65,49,47,4
65,46,36,0
20,28,9,5
77,71,57,4
78,77,83,1
48,68,61,2
51,63,57,2
70,59,61,4
42,41,37,0
50,51,44,0
55,72,69,3
56,72,70,3
46,43,31,0
84,71,84,1
87,100,100,6
79,67,72,1
37,48,38,7
43,36,39,0
59,31,33,0
69,60,35,4
49,41,58,2
65,72,70,3
58,46,57,2
48,54,53,2
78,33,50,4
38,63,45,7
74,66,67,3
51,65,52,2
56,64,82,3
49,53,48,2
58,57,42,2
78,87,91,6
41,31,35,0
57,57,46,2
35,64,52,7
70,68,80,3
85,74,100,6
14,31,15,5
87,65,73,1
61,54,51,2
53,61,61,2
77,74,76,1
51,79,80,3
83,56,60,4
100,74,95,6
47,53,55,2
70,67,59,4
68,65,63,4
64,44,39,0
77,77,90,6
100,83,100,6
55,59,59,2
34,38,38,5
28,51,46,7
56,43,34,0
35,49,51,7
100,58,82,1
23,41,18,5
46,60,66,2
85,82,93,6
57,40,38,0
78,79,85,6
91,77,82,1
39,73,63,2
81,60,71,1
65,49,45,4
77,71,75,1
93,67,96,6
64,73,74,3
90,65,68,1
47,45,29,0
61,64,61,2
84,70,70,1
57,61,47,2
27,48,35,7
57,50,34,0
40,48,24,5
25,44,42,7
59,71,72,3
92,80,90,6
57,66,60,2
76,64,79,1
100,82,98,6
74,59,70,4
73,66,73,3
60,42,44,0
84,48,55,4
64,77,67,3
28,62,44,7
81,52,70,4
84,84,96,6
43,46,49,7
58,44,45,0
25,37,16,5
57,70,82,3
76,59,63,4
70,54,67,4
32,62,50,7
79,74,74,1
76,71,77,1
44,51,50,2
47,41,31,0
57,62,65,2
42,51,40,7
36,58,48,7
68,49,58,4
37,59,38,7
60,75,83,3
53,51,33,0
97,72,87,1
40,41,36,0
17,24,0,5
63,78,52,2
80,60,71,1
93,58,72,1
47,49,58,2
93,62,81,1
48,58,66,2
55,67,80,3
61,51,48,4
80,50,45,4
76,77,71,3
49,48,38,0
49,58,40,2
73,68,79,3
90,71,64,1
68,68,63,3
57,41,47,0
76,66,78,1
74,66,78,3
75,37,49,4
62,39,44,0
70,55,61,4
78,74,90,6
54,56,69,2
80,61,73,1
36,54,38,7
60,55,45,2
65,53,50,4
62,82,74,3
95,78,93,6
27,44,33,5
53,59,51,2
2,58,44,7
45,29,36,0
57,60,51,2
89,88,92,6
57,87,75,3
85,63,78,1
73,67,66,3
51,54,49,2
59,67,64,2
39,78,67,2
55,66,58,2
75,79,97,6
40,87,75,3
79,73,76,1
57,43,54,2
53,67,53,2
57,75,64,3
42,49,42,7
41,67,52,2
52,74,80,3
63,37,51,0
73,78,71,3
100,100,100,6
35,40,33,5
83,49,65,4
74,57,44,4
87,66,76,1
67,65,71,3
45,50,46,7
56,75,78,3
58,68,56,2
54,49,48,2
60,48,41,0
61,51,58,4
26,35,32,5
69,56,60,4
38,52,48,7
66,86,66,3
72,76,70,3
62,49,65,4
56,75,52,2
77,68,58,4
38,77,75,3
53,66,48,2
55,60,64,2
46,23,6,5
64,77,83,3
43,49,56,2
77,72,83,1
69,84,100,6
74,53,62,4
60,75,75,3
91,74,89,6
66,86,95,6
51,37,34,0
50,60,48,2
89,68,79,1
80,65,70,1
47,59,60,2
57,60,55,2
34,66,46,7
26,68,51,7
60,82,85,3
47,59,51,2
64,42,40,0
40,62,56,2
49,48,51,2
66,57,53,4
60,66,73,3
48,75,64,2
57,68,55,2
54,59,58,2
80,57,84,1
68,53,60,4
48,36,34,0
75,86,95,6
96,93,100,6
19,63,53,7
31,41,51,7
87,78,78,1
81,59,65,4
29,72,58,7
60,76,65,3
22,37,14,5
84,71,91,6
44,53,41,7
59,71,73,3
74,46,42,4
43,66,62,2
32,68,62,2
49,42,37,0
36,34,14,5
94,60,58,1
77,70,71,1
68,65,69,3
46,47,38,0
63,53,57,4
76,57,81,1
70,75,79,3
75,77,82,3
59,71,54,2
57,76,71,3
76,58,75,1
46,56,51,2
40,59,63,2
81,47,49,4
67,76,76,3
55,73,48,2
88,68,80,1
57,52,57,2
87,55,73,1
70,69,68,3
41,56,52,2
32,52,31,7
67,59,47,4
74,64,77,1
38,57,48,7
82,71,92,6
100,59,63,1
90,80,100,6
45,64,56,2
61,64,70,3
92,82,92,6
62,75,64,3
70,41,51,4
41,60,51,2
64,50,53,4
62,63,59,2
49,69,65,2
30,60,51,7
56,48,45,0
39,54,42,7
56,51,52,2
79,74,99,6
64,89,82,3
76,61,69,4
68,66,61,4
61,65,67,3
52,58,38,2
84,70,69,1
13,53,21,5
61,42,29,0
59,64,55,2
63,65,53,2
55,45,20,0
52,56,40,2
42,73,65,2
46,69,65,2
73,68,82,3
52,54,61,2
51,64,54,2
56,64,58,2
51,69,64,2
67,53,51,4
49,71,66,2
63,73,57,2
32,52,39,7
52,48,52,2
46,87,89,3
51,66,74,3
79,58,70,4
90,52,73,1
65,67,69,3
47,65,51,2
62,63,48,2
31,61,42,7
41,55,51,7
26,39,26,5
56,57,47,2
53,62,61,2
40,57,38,7
72,64,60,4
86,58,68,1
57,38,47,0
33,38,41,7
72,55,67,4
62,69,64,3
61,50,52,4
36,39,24,5
56,67,73,3
69,67,73,3
40,54,52,7
100,69,93,6
38,37,27,5
33,32,28,5
88,74,88,6
61,46,37,0
63,66,53,2
60,61,68,2
23,54,25,5
57,45,42,0
40,47,33,0
77,60,60,4
50,57,55,2
63,72,72,3
87,71,81,1
43,61,62,2
12,47,35,5
43,56,40,7
50,64,68,2
49,60,52,2
64,75,75,3
31,34,29,5
64,72,61,3
62,63,63,2
83,65,78,1
67,59,58,4
23,36,10,5
64,54,48,4
34,68,54,7
54,90,80,3
58,59,59,2
50,53,70,2
40,55,48,7
62,76,80,3
29,15,18,5
48,76,69,3
88,62,72,1
42,52,59,2
79,58,57,4
62,44,36,0
75,72,87,3
38,74,55,2
37,55,53,7
41,53,49,7
56,68,67,2
4,51,40,7
70,54,50,4
54,49,40,0
70,53,55,4
100,67,82,1
72,59,66,4
65,48,54,4
55,33,32,0
53,67,66,2
66,60,59,4
75,75,84,3
48,71,67,2
24,49,26,5
55,50,42,0
67,56,57,4
66,44,48,4
68,60,69,4
92,52,64,4
65,75,95,6
50,41,32,0
56,48,60,2
38,62,54,2
8,22,14,5
74,59,50,4
37,54,52,7
55,52,57,2
44,59,45,7
77,72,100,6
62,76,84,3
38,48,43,7
53,64,56,2
63,53,48,4
77,70,83,1
41,58,49,7
48,63,58,2
63,67,76,3
34,62,45,7
28,58,56,7
54,42,32,0
67,77,95,6
82,59,51,4
48,42,32,0
72,67,57,4
71,58,62,4
93,74,96,6
53,47,59,2
64,81,88,3
81,69,69,1
68,65,57,4
61,57,70,2
72,61,79,3
42,48,36,0
46,42,39,0
63,59,59,4
64,34,43,0
77,56,43,4
58,51,45,2
75,71,84,1
45,39,39,0
57,55,42,2
45,38,41,0
48,49,60,2
79,56,54,4
88,78,94,6
67,71,80,3
21,69,57,7
40,69,61,2
50,40,35,0
72,50,52,4
30,81,61,2
67,50,53,4
89,85,94,6
55,35,29,0
44,59,56,2
61,72,71,3
78,74,100,6
76,79,78,3
47,49,43,0
69,56,53,4
46,78,68,3
61,61,50,2
44,55,41,7
78,62,69,1
70,52,55,4
50,74,67,2
84,62,81,1
66,79,77,3
47,37,26,0
31,60,40,7
68,43,44,0
51,45,46,0
62,52,57,4
21,41,36,5
71,83,89,6
51,55,59,2
60,54,43,2
57,53,50,2
66,64,64,4
17,41,40,7
22,55,45,7
60,80,93,3
60,67,57,2
58,68,73,3
76,70,62,3
100,66,81,1
63,68,83,3
52,48,33,0
53,64,65,2
3,52,32,5
73,77,75,3
77,71,76,1
33,68,59,2
66,62,75,3
45,47,28,0
70,63,61,4
29,38,32,5
51,42,54,2
71,57,60,4
77,70,94,6
39,38,13,5
73,87,82,3
45,56,56,2
57,33,35,0
52,46,40,0
52,64,68,2
58,70,66,3
47,66,72,2
58,78,73,3
61,70,80,3
77,80,95,6
96,100,100,6
76,83,88,6
57,59,48,2
48,43,43,0
73,79,75,3
47,73,75,3
41,59,50,2
90,91,94,6
100,89,100,6
52,63,67,2
93,58,82,1
58,68,63,2
64,89,100,6
36,63,49,7
75,81,85,3
100,100,100,6
100,80,85,6
37,53,46,7
82,66,86,1
85,67,59,1
56,51,35,0
54,58,44,2
34,57,56,7
76,74,79,3
87,64,82,1
100,73,92,6
76,51,65,4
88,52,69,4
37,71,56,2
91,82,94,6
45,66,60,2
97,60,76,1
64,59,59,4
80,62,82,1
29,54,33,7
24,63,49,7
66,42,44,0
68,69,78,3
31,36,21,5
100,93,100,6
43,60,56,2
68,68,85,3
83,54,68,4
75,57,42,4
69,60,56,4
85,76,85,1
74,62,79,1
26,78,57,7
23,32,13,5
57,56,73,2
29,24,25,5
51,66,57,2
73,61,67,4
73,58,65,4
70,66,68,3
59,64,61,2
33,45,43,7
51,55,51,2
66,59,60,4
69,44,57,4
46,67,50,2
52,54,55,2
91,67,73,1
80,70,84,1
77,63,80,1
88,79,91,6
83,78,100,6
84,58,74,1
24,42,23,5
62,66,60,2
44,62,51,2
34,31,36,5
68,77,82,3
52,64,66,2
40,44,46,7
68,66,66,3
72,65,73,3
64,67,59,2
44,59,56,2
65,41,45,0
40,60,51,2
48,55,55,2
75,83,95,6
54,61,67,2
71,54,56,4
60,62,58,2
89,59,84,1
26,49,35,7
79,57,54,4
52,56,67,2
55,88,80,3
71,67,78,3
51,59,58,2
80,62,72,1
38,58,55,2
68,51,36,0
80,49,67,4
68,67,75,3
50,60,56,2
80,68,78,1
49,44,39,0
71,48,63,4
66,74,81,3
39,66,42,7
49,54,64,2
56,69,72,3
84,68,67,1
47,65,58,2
43,50,46,7
58,76,95,3
49,73,86,3
77,63,58,4
53,49,40,0
85,76,80,1
55,49,56,2
49,65,70,2
84,57,59,4
73,50,47,4
65,50,43,4
76,80,81,3
89,60,72,1
43,75,72,3
23,41,35,5
54,75,72,3
51,65,58,2
91,63,68,1
71,62,75,3
94,79,85,6
15,52,30,5
60,61,45,2
44,35,28,0
54,51,50,2
58,53,62,2
87,67,82,1
62,46,70,4
64,58,86,3
80,63,77,1
64,43,51,4
59,73,68,3
60,57,47,2
42,74,58,2
26,60,53,7
43,55,59,2
52,30,22,0
52,43,42,0
42,57,50,2
48,53,37,0
24,50,37,7
41,55,46,7
33,55,48,7
72,78,74,3
78,75,87,6
55,57,51,2
48,58,63,2
15,40,27,5
39,75,73,3
59,82,80,3
83,87,95,6
45,40,23,0
57,69,72,3
60,53,58,2
79,86,97,6
81,76,82,1
60,31,30,0
46,79,54,2
70,80,70,3
70,65,59,4
64,76,96,6
44,62,45,2
100,79,92,6
42,53,47,7
78,82,85,6
76,83,87,6
49,46,51,2
82,81,100,6
49,57,66,2
55,43,48,0
88,53,67,4
35,69,60,2
43,37,28,0
73,63,63,4
100,95,100,6
45,50,58,2
82,73,88,6
66,65,56,4
73,63,85,3
84,62,58,4
57,55,43,2
97,58,70,1
78,61,72,1
22,27,13,5
100,76,100,6
53,55,39,0
81,59,63,4
44,61,57,2
68,72,92,6
75,76,71,3
72,68,58,4
79,63,80,1
77,38,58,4
82,77,72,1
28,69,66,2
88,83,100,6
66,81,68,3
94,59,83,1
34,47,42,7
59,71,63,2
45,69,47,2
71,81,81,3
87,31,48,4
27,60,51,7
82,54,58,4
43,57,45,7
29,63,57,7
45,52,31,0
64,65,81,3
69,68,82,3
36,61,43,7
80,53,45,4
93,58,86,1
77,59,67,4
70,50,56,4
77,65,69,1
46,61,52,2
83,82,88,6
35,53,39,7
68,65,68,3
41,53,50,7
35,51,31,7
86,72,80,1
81,62,84,1
65,58,71,3
55,60,55,2
25,51,47,7
42,77,68,2
64,93,96,6
32,68,56,7
72,68,74,3
47,49,42,0
70,47,62,4
73,63,74,3
77,58,78,1
31,58,40,7
46,52,54,2
52,24,17,5
62,63,73,3
51,51,47,2
100,66,87,1
58,69,66,3
57,74,91,3
33,67,64,2
55,67,77,3
62,71,81,3
78,83,71,3
98,80,98,6
90,67,76,1
21,48,23,5
64,70,69,3
58,47,40,0
75,47,52,4
88,70,85,1
57,58,66,2
55,68,63,2
70,68,69,3
78,73,88,6
69,71,82,3
50,66,64,2
62,50,52,4
70,52,50,4
76,55,60,4
27,57,47,7
52,64,55,2
91,75,70,1
64,58,39,2
73,64,67,4
52,37,29,0
57,54,63,2
63,65,55,2
43,52,49,7
63,67,65,3
61,60,46,2
68,63,53,4
100,52,73,1
56,56,52,2
67,83,94,6
49,64,68,2
73,38,55,4
23,27,0,5
55,54,52,2
53,54,37,0
78,55,59,4
75,53,51,4
51,79,79,3
70,56,59,4
72,58,57,4
43,50,46,7
95,71,100,6
76,66,86,1
100,80,87,6
67,66,63,3
94,73,95,6
35,33,21,5
54,44,50,0
95,49,67,1
21,33,12,5
65,83,98,6
38,58,56,2
30,61,36,7
52,69,64,2
75,47,63,4
77,59,66,4
91,51,54,4
80,58,54,4
56,77,75,3
65,60,62,4
52,60,46,2
71,75,80,3
41,60,61,2
61,75,75,3
33,52,41,7
83,69,85,1
46,57,54,2
100,70,95,6
52,63,58,2
66,49,51,4
50,37,29,0
73,78,86,3
53,91,81,3
25,22,26,5
50,63,55,2
63,52,63,4
71,60,69,4
87,65,78,1
37,40,23,5
68,66,68,3
68,61,60,4
62,75,68,3
76,35,57,4
62,57,58,4
55,58,65,2
84,95,100,6
41,65,43,7
63,68,69,3
72,64,66,4
97,84,96,6
49,53,52,2
29,68,63,2
42,55,46,7
47,53,35,0
50,50,52,2
66,50,48,4
41,46,35,0
57,40,38,0
47,64,45,2
45,85,64,3
59,70,58,2
82,69,66,1
74,68,65,3
30,45,37,7
93,61,83,1
72,29,38,0
27,73,56,7
49,51,52,2
42,58,66,2
56,48,32,0
53,70,64,2
91,65,70,1
77,47,54,4
73,75,73,3
79,68,83,1
39,44,18,5
97,87,100,6
80,89,100,6
56,71,73,3
62,59,60,2
58,86,74,3
54,51,56,2
76,59,69,4
71,60,85,3
48,55,49,2
63,51,54,4
90,57,70,1
45,46,26,0
62,70,70,3
100,53,72,1
30,56,40,7
100,65,70,1
41,56,49,7
66,68,62,3
50,50,48,2
46,67,58,2
84,70,90,1
49,62,62,2
25,43,18,5
80,74,86,1
63,61,51,2
98,83,99,6
63,73,83,3
62,34,35,0
33,58,50,7
67,70,72,3
68,49,62,4
60,60,49,2
83,66,81,1
48,45,27,0
29,55,26,5
51,58,61,2
73,55,76,3
29,50,34,7
100,55,72,1
45,55,54,2
85,82,83,6
69,53,74,4
30,50,34,7
80,55,56,4
47,54,33,0
89,58,79,1
51,55,40,2
56,70,74,3
72,62,73,3
47,52,40,0
47,56,57,2
69,73,79,3
34,59,50,7
95,74,91,6
50,56,48,2
67,73,80,3
55,61,58,2
49,36,29,0
51,35,28,0
43,53,68,2
64,76,93,3
67,42,47,0
64,46,51,4
87,95,100,6
100,92,100,6
45,53,52,2
84,76,92,6
53,71,70,3
61,64,68,3
55,51,38,0
83,76,84,1
65,74,71,3
80,71,91,6
79,56,66,4
84,68,76,1
37,47,43,7
55,68,77,3
22,36,25,5
4,58,30,7
61,57,69,2
61,57,57,2
62,77,77,3
49,57,43,2
95,70,74,1
45,42,38,0
60,59,68,2
67,69,52,2
62,41,23,0
75,74,84,3
89,49,73,1
86,73,64,1
23,47,36,7
41,55,58,2
35,50,43,7
53,57,69,2
77,67,77,1
59,37,41,0
32,41,26,5
87,61,68,1
64,47,55,4
73,74,81,3
73,78,87,6
90,67,82,1
49,44,24,0
65,65,56,2
88,68,72,1
38,49,38,7
51,74,73,3
66,87,92,6
98,53,53,4
46,75,59,2
87,97,100,6
76,61,64,4
53,78,65,3
60,53,59,2
83,71,67,1
55,62,57,2
43,61,69,2
72,58,56,4
75,77,73,3
64,82,81,3
58,36,33,0
57,63,61,2
100,72,100,6
81,47,66,4
83,54,59,4
48,51,65,2
74,62,75,3
72,72,72,3
50,57,47,2
48,54,64,2
73,52,55,4
31,57,34,7
59,60,63,2
58,48,54,2
63,60,64,4
68,63,62,4
78,62,69,1
60,63,69,3
33,46,44,7
47,51,55,2
69,60,77,3
48,51,47,2
68,37,43,0
40,52,52,7
89,63,73,1
95,57,70,1
48,50,36,0
29,35,30,5
64,53,49,4
51,57,56,2
75,66,71,1
52,68,59,2
94,82,98,6
78,63,64,4
56,71,68,3
67,60,55,4
59,74,63,3
45,39,39,0
61,48,33,0
64,61,68,3
41,61,61,2
73,62,81,3
41,42,30,0
62,69,74,3
76,59,76,1
72,66,65,3
69,60,69,4
22,53,27,5
59,54,41,0
68,57,56,4
84,73,94,6
31,41,36,5
80,55,65,4
36,48,45,7
57,64,51,2
89,61,62,1
57,49,44,0
59,63,51,2
74,59,67,4
70,69,77,3
65,60,53,4
23,46,28,5
35,42,24,5
60,71,62,2
49,64,52,2
63,59,64,4
65,66,85,3
78,54,52,4
6,25,2,5
45,38,25,0
59,70,57,2
71,71,82,3
88,77,79,1
75,64,77,1
76,47,56,4
67,54,73,4
51,66,69,2
38,46,33,0
55,71,68,3
41,59,37,7
73,82,100,6
90,76,85,1
41,58,50,7
88,50,67,4
88,56,74,1
56,84,81,3
56,61,72,2
47,57,53,2
68,74,81,3
50,17,20,5
56,53,51,2
54,44,49,0
73,78,76,3
64,60,58,4
61,51,52,4
44,59,46,7
59,78,89,3
30,59,55,7
52,37,36,0
76,82,87,6
56,51,45,2
60,67,66,3
59,74,65,3
38,47,45,7
80,65,67,1
83,67,77,1
60,67,61,2
42,64,59,2
68,57,68,4
38,78,65,2
79,75,87,6
57,77,86,3
12,64,49,7
88,84,91,6
52,50,48,2
54,61,55,2
75,54,60,4
22,52,29,5
49,60,59,2
40,48,37,0
65,64,60,4
83,76,76,1
47,61,58,2
17,56,35,7
71,80,90,6
44,55,53,2
89,85,100,6
50,59,50,2
34,73,53,7
68,57,75,3
71,46,34,0
92,75,88,6
39,47,33,0
94,63,69,1
70,78,90,6
38,64,49,7
16,43,26,5
73,47,63,4
43,46,27,0
58,58,54,2
59,88,91,3
33,37,37,5
76,67,67,1
59,56,60,2
90,45,72,4
48,49,56,2
62,61,56,2
75,80,88,6
48,39,25,0
65,72,73,3
81,71,85,1
26,48,33,7
63,61,72,3
52,61,60,2
48,64,54,2
61,52,64,4
54,67,55,2
53,71,71,3
30,39,35,5
56,50,59,2
45,61,65,2
55,65,67,2
100,91,100,6
82,54,83,1
100,73,86,1
56,60,52,2
39,36,26,5
93,78,92,6
73,69,69,3
51,37,37,0
64,79,83,3
42,68,60,2
44,31,12,5
42,61,62,2
71,47,44,4
65,77,64,3
69,51,40,4
57,69,65,2
52,78,74,3
47,45,34,0
74,61,55,4
78,67,79,1
70,85,74,3
81,59,87,1
47,66,57,2
75,48,58,4
57,54,64,2
54,76,75,3
39,66,65,2
41,52,40,7
63,77,80,3
60,39,47,0
54,58,54,2
84,76,90,6
66,80,88,3
57,78,77,3
71,60,52,4
48,56,54,2
25,53,44,7
72,88,88,6
23,41,32,5
58,63,61,2
56,63,52,2
30,48,41,7
87,63,65,1
80,99,97,6
37,41,27,5
92,55,69,1
91,56,70,1
87,86,85,6
42,66,60,2
91,54,63,4
43,60,54,2
74,70,72,3
20,59,44,7
62,64,65,2
34,63,52,7
59,64,70,3
86,59,97,6
24,60,45,7
42,68,54,2
47,35,48,0
47,52,45,2
50,62,53,2
28,78,70,2
56,76,94,3
50,48,28,0
76,79,89,6
30,45,24,5
72,55,68,4
50,57,57,2
66,55,50,4
46,60,49,2
83,75,95,6
35,64,50,7
44,39,38,0
45,57,49,2
65,63,59,4
35,54,36,7
47,61,50,2
25,64,58,7
50,62,53,2
54,52,36,0
97,66,84,1
83,69,73,1
80,70,84,1
59,39,37,0
83,64,70,1
17,53,25,5
66,60,73,3
58,42,37,0
47,41,42,0
88,85,100,6
98,60,78,1
42,66,59,2
53,48,39,0
44,44,32,0
73,60,42,4
55,37,44,0
67,72,80,3
59,84,74,3
59,64,58,2
66,65,72,3
51,75,75,3
68,72,59,3
64,72,77,3
67,56,58,4
81,74,86,1
79,27,48,0
35,58,50,7
36,28,24,5
71,60,61,4
70,47,65,4
83,52,58,4
33,47,35,7
100,88,95,6
41,63,44,7
56,51,48,2
80,64,79,1
88,60,56,4
24,53,42,7
53,57,63,2
68,46,36,0
74,83,81,3
44,50,56,2
53,59,65,2
90,68,88,1
38,59,53,7
74,61,68,4
53,45,56,2
59,46,44,0
71,66,70,3
86,75,80,1
78,67,71,1
65,52,69,4
75,62,76,1
86,85,89,6
60,84,84,3
77,74,86,1
40,36,26,5
53,43,38,0
37,49,38,7
77,76,74,3
46,50,44,7
42,64,50,2
64,75,78,3
36,47,29,5
93,67,75,1
62,58,59,4
88,64,63,1
57,59,54,2
75,45,65,4
85,71,88,1
100,87,92,6
91,62,67,1
65,100,85,3
52,64,61,2
62,34,35,0
86,74,72,1
65,45,59,4
79,81,88,6
67,64,68,3
42,44,31,0
85,88,95,6
29,67,53,7
61,68,54,2
63,44,56,4
44,55,49,2
34,48,47,7
50,46,49,0
86,91,85,6
44,66,53,2
91,90,100,6
61,58,56,2
49,60,58,2
64,84,84,3
70,69,66,3
51,57,55,2
30,56,43,7
78,64,72,1
32,53,43,7
62,73,66,3
44,56,57,2
73,77,82,3
90,72,73,1
25,62,40,7
99,70,84,1
70,46,43,4
45,57,55,2
51,52,65,2
62,44,39,0
36,58,37,7
66,75,62,3
30,39,42,7
57,65,56,2
75,75,90,6
67,67,67,3
49,50,49,2
54,55,41,2
47,39,34,0
57,46,65,2
71,66,58,4
75,59,53,4
51,81,71,3
79,63,67,1
69,52,58,4
89,65,76,1
51,78,74,3
72,91,89,6
54,67,63,2
92,82,98,6
72,73,73,3
32,53,38,7
5,45,20,5
90,52,65,4
91,67,84,1
43,60,48,2
100,76,91,6
71,71,78,3
59,93,89,3
79,64,82,1
41,29,23,5
68,64,77,3
69,76,75,3
75,79,69,3
15,59,43,7
51,35,35,0
0,53,9,5
57,65,64,2
24,56,45,7
41,60,67,2
69,52,71,4
68,57,63,4
32,66,46,7
63,58,62,4
67,58,38,4
44,50,51,2
49,64,78,3
42,38,29,0
58,46,49,0
50,62,64,2
44,56,51,2
55,53,65,2
54,44,28,0
75,80,71,3
33,55,47,7
45,50,35,0
46,60,56,2
53,43,54,2
53,75,68,3
60,66,63,2
49,46,38,0
19,72,54,7
42,70,57,2
41,65,63,2
78,72,83,1
75,48,61,4
44,32,9,5
71,52,46,4
77,71,75,1
93,74,100,6
27,46,21,5
100,66,97,6
88,69,81,1
12,48,25,5
52,68,60,2
53,37,33,0
41,52,39,7
5,64,28,7
71,64,54,4
68,72,83,3
36,42,30,5
69,60,62,4
75,71,78,3
71,43,55,4
68,73,71,3
59,61,45,2
48,73,78,3
57,39,55,0
20,62,49,7
42,37,27,0
26,57,61,7
56,57,61,2
56,57,45,2
52,53,44,2
92,78,99,6
42,60,64,2
64,41,44,0
41,67,62,2
51,63,57,2
31,36,30,5
50,59,55,2
77,81,97,6
48,46,41,0
40,45,45,7
67,66,65,3
85,85,88,6
93,69,97,6
95,64,85,1
41,67,46,7
53,43,25,0
47,36,32,0
84,76,78,1
38,56,45,7
81,73,80,1
56,46,54,2
82,82,96,6
83,88,98,6
68,68,72,3
73,83,81,3
85,60,72,1
81,76,83,1
37,71,58,2
87,73,84,1
53,60,40,2
61,59,52,2
44,64,46,2
85,91,92,6
62,65,68,3
99,63,89,1
70,57,55,4
29,43,36,5
69,83,84,3
82,85,86,6
66,45,51,4
42,51,38,7
66,62,66,4
82,54,65,4
60,60,81,3
76,46,64,4
71,55,52,4
43,45,48,7
49,59,52,2
58,58,54,2
76,64,72,1
75,66,81,1
76,63,80,1
48,45,48,0
62,63,55,2
27,63,46,7
79,44,43,4
76,80,96,6
51,37,25,0
71,59,61,4
87,62,77,1
51,49,61,2
56,66,67,2
47,85,80,3
66,62,71,3
43,63,54,2
53,67,62,2
75,40,49,4
63,55,59,4
44,75,72,3
93,70,87,1
64,70,75,3
76,72,78,1
81,94,99,6
55,70,65,2
56,57,61,2
74,76,83,3
78,67,72,1
54,74,88,3
35,42,40,7
74,60,62,4
58,74,85,3
51,44,41,0
11,45,23,5
64,68,62,3
76,51,51,4
62,75,67,3
61,56,56,2
78,67,77,1
100,63,88,1
78,60,68,4
79,62,64,4
67,64,62,4
75,65,55,4
34,67,55,7
100,91,100,6
63,60,52,4
31,52,38,7
27,36,29,5
60,48,42,0
84,63,68,1
48,52,54,2
24,63,41,7
84,96,100,6
39,43,32,0
75,79,79,3
39,82,69,3
88,45,46,4
80,72,89,6
57,61,52,2
74,67,65,3
100,73,100,6
64,79,80,3
58,82,75,3
60,43,54,2
89,69,78,1
48,58,47,2
13,43,32,5
56,56,75,2
95,82,100,6
55,55,61,2
53,71,83,3
37,39,29,5
75,60,54,4
95,73,83,1
48,60,41,2
75,67,92,6
33,47,24,5
91,64,92,1
70,74,97,6
73,52,55,4
17,9,0,5
56,41,56,2
75,62,65,4
91,79,71,1
44,60,58,2
51,60,52,2
73,74,85,3
31,52,33,7
33,49,38,7
68,53,64,4
84,50,65,4
55,43,49,0
50,69,70,2
79,58,64,4
37,43,29,5
40,49,44,7
64,63,65,2
38,52,43,7
84,77,66,1
82,66,74,1
61,52,51,4
30,67,43,7
46,31,28,0
76,62,68,4
65,95,100,6
70,58,57,4
90,65,69,1
69,49,67,4
59,76,74,3
56,69,67,2
92,68,96,6
63,36,51,0
66,81,80,3
44,50,40,0
52,48,69,2
83,60,72,1
74,55,64,4
51,46,40,0
64,83,92,6
59,54,61,2
79,81,82,3
58,51,49,2
48,68,49,2
40,64,66,2
59,49,49,2
58,80,100,6
28,52,41,7
37,47,38,7
47,68,60,2
52,79,76,3
73,67,63,3
72,55,52,4
46,74,57,2
28,44,33,5
51,55,39,0
63,48,51,4
72,64,72,3
58,100,100,6
58,76,58,2
12,53,37,7
61,74,72,3
39,57,41,7
79,59,74,1
59,60,49,2
83,65,82,1
70,76,71,3
68,62,58,4
41,69,65,2
30,54,49,7
79,71,89,6
66,83,81,3
54,48,50,2
96,65,83,1
40,73,51,2
55,71,62,2
25,63,59,7
52,62,59,2
79,57,68,4
98,76,92,6
54,56,67,2
65,63,57,4
100,69,100,6
21,63,44,7
95,77,88,6
64,43,52,4
63,57,75,3
55,77,75,3
66,80,73,3
47,35,32,0
56,39,15,0
74,75,80,3
69,61,58,4
37,57,45,7
90,68,88,1
64,66,73,3
41,54,31,0
79,75,71,1
30,59,61,7
61,82,97,6
50,48,42,0
33,41,23,5
58,71,60,2
60,51,40,0
74,83,91,6
84,59,76,1
42,37,32,0
67,75,77,3
49,53,43,2
42,49,41,7
68,71,60,3
46,78,67,3
71,93,88,6
15,60,44,7
68,69,60,3
38,49,48,7
78,62,79,1
56,76,85,3
86,63,78,1
52,80,100,6
88,87,95,6
37,39,21,5
65,55,52,4
63,61,60,2
45,72,58,2
26,53,24,5
88,88,94,6
66,81,81,3
34,70,79,3
30,61,38,7
76,75,86,6
43,59,53,2
44,68,69,2
79,74,73,1
68,66,76,3
25,63,41,7
57,43,55,2
63,66,60,2
53,48,38,0
64,80,90,3
82,33,58,4
52,68,59,2
7,35,22,5
80,51,64,4
41,55,47,7
40,53,58,2
73,67,69,3
70,38,42,0
77,70,82,1
76,87,100,6
44,59,46,7
63,45,57,4
88,93,100,6
77,74,83,1
28,60,42,7
48,50,50,2
37,40,23,5
55,66,59,2
50,52,58,2
48,45,52,2
59,36,54,0
4,50,49,7
72,84,100,6
99,88,100,6
61,49,55,4
36,45,34,0
29,51,43,7
58,41,50,0
93,72,89,1
22,37,24,5
40,66,64,2
61,71,78,3
100,94,100,6
74,82,94,6
57,68,52,2
25,53,34,7
37,57,52,7
93,71,70,1
91,85,98,6
85,68,61,1
53,46,69,2
67,74,72,3
71,66,76,3
65,60,67,4
57,65,54,2
77,57,55,4
56,55,45,2
74,54,70,4
55,60,59,2
60,39,48,0
40,34,34,0
60,44,63,2
12,62,36,7
56,67,65,2
77,79,89,6
43,59,50,2
48,60,54,2
48,73,64,2
56,67,69,3
69,54,59,4
45,80,77,3
92,69,74,1
57,66,66,2
72,65,60,4
55,41,31,0
64,69,71,3
33,39,31,5
76,69,74,1
65,62,85,3
53,62,38,2
75,73,74,3
62,67,71,3
48,74,66,2
59,66,76,3
51,58,49,2
50,66,54,2
76,88,88,6
92,74,95,6
100,94,100,6
83,56,69,4
51,59,61,2
48,44,39,0
75,81,91,6
81,67,80,1
80,68,80,1
54,53,36,0
53,55,47,2
60,69,51,2
64,58,40,2
40,53,44,7
28,41,28,5
70,66,64,3
62,58,68,2
58,54,59,2
59,53,46,2
89,84,95,6
31,47,26,5
41,51,45,7
64,35,34,0
95,64,73,1
84,61,75,1
57,54,44,2
46,54,46,2
78,58,57,4
70,63,69,3
60,65,77,3
30,62,38,7
84,71,79,1
50,42,49,0
27,54,46,7
56,37,34,0
42,30,23,5
45,57,43,7
41,51,49,7
47,51,55,2
64,50,41,0
66,64,72,3
41,48,23,0
46,56,55,2
20,83,51,7
89,59,70,1
87,50,71,4
30,48,22,5
63,53,35,0
74,72,98,6
73,57,78,3
55,55,59,2
62,57,65,4
41,42,40,0
66,47,57,4
48,68,70,2
45,56,46,2
75,51,56,4
11,29,0,5
91,82,97,6
62,45,46,0
41,47,39,0
51,71,58,2
87,75,95,6
66,59,51,4
57,72,82,3
76,72,76,1
90,100,100,6
41,58,54,2
57,65,75,3
58,55,65,2
71,53,48,4
55,63,71,2
66,76,73,3
69,52,68,4
75,61,69,4
47,44,46,0
82,55,54,4
65,64,59,4
61,72,65,3
57,38,29,0
29,40,16,5
85,61,67,1
62,77,69,3
27,36,38,5
75,61,63,4
31,38,41,7
41,58,49,7
63,60,74,3
37,41,18,5
40,51,50,7
76,59,65,4
96,53,68,1
70,53,55,4
25,47,28,5
85,88,100,6
84,67,86,1
100,74,98,6
56,71,83,3
62,60,50,2
56,45,50,0
51,61,45,2
81,58,65,4
72,53,45,4
26,66,62,7
62,53,60,4
59,59,54,2
65,68,72,3
73,68,73,3
38,34,27,5
81,46,63,4
78,67,82,1
77,65,71,1
71,87,93,6
74,85,88,6
79,70,86,1
64,80,82,3
38,63,65,2
51,63,67,2
53,57,54,2
66,69,62,3
75,55,63,4
61,45,28,0
57,59,67,2
39,74,52,2
76,76,81,3
32,45,35,7
60,36,31,0
68,74,78,3
66,55,70,4
66,61,63,4
62,64,66,2
69,68,77,3
40,45,52,7
99,82,97,6
58,36,30,0
49,37,29,0
84,48,72,4
100,84,100,6
0,53,12,5
80,79,71,1
14,66,37,7
67,71,73,3
29,58,59,7
65,84,86,3
78,64,70,1
75,48,57,4
63,55,54,4
57,33,4,5
99,68,86,1
52,53,43,2
53,43,48,0
25,76,60,7
69,38,38,0
90,66,76,1
81,48,56,4
84,72,67,1
63,71,79,3
65,51,61,4
99,81,100,6
86,89,99,6
79,54,70,4
39,40,48,7
50,44,52,2
41,30,33,0
63,57,34,0
62,63,78,3
87,46,51,4
100,65,97,6
31,44,33,5
91,41,53,4
66,70,68,3
72,74,76,3
81,69,70,1
59,72,69,3
50,71,77,3
70,64,59,4
52,46,33,0
64,48,52,4
71,70,72,3
73,67,59,4
68,62,65,4
88,62,83,1
39,50,46,7
69,48,53,4
53,44,38,0
61,75,75,3
54,44,51,0
75,63,72,1
46,53,41,7
84,41,54,4
33,33,7,5
38,47,32,0
51,52,66,2
48,60,39,7
56,54,44,2
79,64,70,1
77,83,82,3
47,72,83,3
61,55,47,2
72,49,54,4
39,69,64,2
73,57,58,4
56,68,73,3
70,58,49,4
61,34,32,0
25,71,54,7
70,55,69,4
59,61,47,2
64,34,51,0
35,48,26,5
79,53,57,4
30,49,33,7
72,67,65,3
65,66,74,3
38,66,65,2
89,84,94,6
80,59,61,4
45,68,59,2
76,48,49,4
64,70,65,3
98,70,79,1
46,73,76,3
52,53,49,2
53,71,67,2
48,97,95,6
51,51,40,0
35,71,61,2
46,69,46,2
64,92,100,6
47,61,52,2
69,43,50,4
96,70,74,1
63,62,59,2
44,76,54,2
35,44,42,7
38,83,60,2
65,49,48,4
74,54,70,4
66,45,41,0
59,51,54,2
13,47,30,5
49,70,64,2
76,68,80,1
33,31,29,5
64,62,58,4
84,68,78,1
34,48,46,7
38,48,33,0
67,65,57,4
37,46,45,7
44,64,64,2
34,34,21,5
82,75,83,1
63,47,53,4
41,44,43,0
51,71,60,2
37,53,34,7
13,54,26,5
60,76,66,3
74,49,63,4
78,65,80,1
85,67,80,1
48,73,58,2
85,71,71,1
74,55,58,4
79,79,82,1
99,64,74,1
46,63,46,2
29,58,48,7
44,54,34,0
44,59,56,2
27,32,25,5
80,66,80,1
51,42,42,0
100,81,92,6
12,55,39,7
63,65,57,2
75,62,62,4
92,77,96,6
51,70,46,2
29,54,44,7
52,51,73,2
76,84,85,6
36,51,46,7
48,46,38,0
81,67,63,1
100,59,76,1
59,65,69,3
100,91,100,6
22,66,54,7
74,67,78,3
52,53,51,2
93,58,74,1
21,37,17,5
40,54,49,7
83,73,76,1
41,49,42,7
57,42,30,0
38,76,61,2
74,53,62,4
53,60,42,2
70,55,40,4
100,64,86,1
76,51,50,4
57,64,55,2
84,74,85,1
64,56,64,4
74,59,64,4
85,60,94,1
51,53,56,2
64,67,74,3
39,58,49,7
66,72,77,3
48,60,65,2
89,80,86,6
66,55,56,4
49,50,51,2
65,73,75,3
59,51,63,2
83,70,71,1
48,70,80,3
60,71,61,2
42,60,59,2
48,54,69,2
61,43,44,0
55,62,52,2
32,55,56,7
63,50,50,4
58,51,53,2
79,58,69,4
23,30,19,5
55,60,43,2
16,34,17,5
80,79,80,1
62,46,49,4
39,65,51,2
55,71,61,2
34,53,47,7
60,52,49,2
42,31,27,5
55,66,57,2
59,39,30,0
75,88,88,6
75,60,70,4
83,73,97,6
26,62,49,7
100,67,86,1
61,58,69,2
56,65,49,2
61,68,66,3
34,60,57,7
53,41,36,0
38,54,37,7
37,50,35,7
27,65,46,7
61,43,53,4
35,70,50,7
52,56,69,2
61,75,71,3
64,57,58,4
50,59,50,2
85,48,53,4
99,65,95,6
38,78,66,2
62,64,58,2
100,67,90,1
78,73,83,1
96,63,76,1
88,94,100,6
93,84,100,6
85,55,76,1
34,40,28,5
69,56,53,4
92,50,71,1
20,39,15,5
61,67,73,3
50,62,43,2
68,65,66,3
61,49,47,4
31,59,38,7
67,63,65,4
80,38,65,4
48,75,57,2
47,36,45,0
34,24,1,5
27,44,43,7
80,68,66,1
57,57,48,2
16,64,49,7
37,55,46,7
94,60,78,1
82,64,80,1
78,55,64,4
69,54,50,4
51,62,53,2
30,37,32,5
62,27,28,0
87,63,74,1
65,56,53,4
40,41,39,0
98,89,100,6
54,56,71,2
58,71,56,2
87,78,86,6
51,64,55,2
58,45,48,0
90,95,100,6
86,68,88,1
20,54,51,7
90,72,89,1
66,45,55,4
80,76,71,1
79,54,67,4
49,68,64,2
53,51,41,0
59,68,85,3
68,46,34,0
52,59,56,2
39,50,47,7
80,84,97,6
55,62,52,2
100,76,92,6
66,60,65,4
71,74,70,3
95,81,100,6
51,55,55,2
81,61,64,4
65,69,55,2
51,45,35,0
100,76,97,6
34,49,48,7
30,70,51,7
53,47,33,0
30,64,48,7
60,91,100,6
68,78,82,3
44,55,58,2
68,46,47,4
95,73,91,6
94,64,83,1
29,67,63,2
70,66,64,3
53,73,67,3
48,69,57,2
74,63,69,3
71,72,91,6
62,59,59,2
35,37,36,5
58,65,57,2
48,61,42,2
52,61,54,2
79,73,85,1
49,59,64,2
54,74,67,3
40,42,24,5
68,84,96,6
81,59,71,1
31,34,18,5
45,61,60,2
43,45,36,0
30,51,46,7
52,69,63,2
54,52,56,2
53,44,32,0
84,59,71,1
77,62,68,4
29,42,35,5
70,61,73,3
80,54,62,4
63,81,78,3
54,36,36,0
59,58,50,2
96,86,100,6
98,51,56,4
66,64,71,3
82,70,75,1
82,73,67,1
74,70,64,3
40,58,57,2
42,55,56,2
58,51,73,2
42,79,70,3
72,59,60,4
77,76,97,6
43,62,56,2
54,67,88,3
41,34,16,5
66,46,39,0
78,62,58,4
55,76,61,2
69,69,79,3
65,69,79,3
53,49,51,2
99,68,83,1
76,70,70,3
72,51,60,4
65,79,74,3
84,72,65,1
89,70,76,1
54,48,38,0
54,93,95,6
73,68,70,3
68,56,53,4
78,60,65,4
59,67,68,3
65,84,82,3
54,100,99,6
57,69,72,3
94,62,67,1
66,51,48,4
45,33,35,0
59,65,54,2
29,29,18,5
69,60,60,4
58,57,58,2
59,43,42,0
73,64,65,4
54,38,50,0
55,69,65,2
84,69,64,1
12,34,14,5
63,42,46,0
39,38,18,5
50,57,67,2
21,19,0,5
36,54,41,7
50,71,75,3
52,46,45,0
79,73,88,6
61,58,54,2
86,77,79,1
56,69,53,2
11,39,19,5
32,69,64,2
80,71,73,1
77,64,65,4
61,69,73,3
41,55,52,2
76,57,48,4
25,41,22,5
89,84,97,6
64,53,63,4
45,45,38,0
52,64,52,2
50,58,53,2
29,43,31,5
45,66,70,2
79,66,63,4
76,86,87,6
40,43,37,0
80,64,66,1
53,55,78,2
31,43,38,7
39,32,26,5
47,69,63,2
52,41,46,0
81,52,60,4
45,47,30,0
94,75,73,1
59,65,49,2
92,74,100,6
60,47,57,4
44,49,43,7
66,70,67,3
73,61,72,3
71,64,61,4
57,64,54,2
75,60,60,4
50,57,51,2
64,76,87,3
89,97,100,6
70,78,78,3
78,75,91,6
82,71,70,1
63,54,54,4
71,32,34,0
53,48,51,2
45,46,35,0
92,65,78,1
30,63,23,7
54,56,46,2
93,63,71,1
44,76,78,3
50,39,50,0
47,70,78,3
77,67,75,1
43,58,42,7
68,51,57,4
26,59,65,7
26,66,41,7
54,62,66,2
46,60,47,2
61,68,68,3
73,51,70,4
41,39,30,0
58,63,77,3
43,52,38,7
24,48,43,7
61,61,57,2
46,40,40,0
46,58,55,2
59,58,58,2
58,56,67,2
57,58,66,2
49,58,50,2
95,64,84,1
60,66,64,2
61,48,71,4
67,63,68,3
29,44,15,5
77,63,69,1
50,47,45,0
66,53,63,4
75,49,59,4
42,73,67,2
66,80,88,3
46,48,57,2
66,64,81,3
53,42,43,0
57,68,57,2
62,54,47,4
90,66,64,1
89,74,76,1
78,79,74,3
70,63,74,3
95,78,86,6
37,46,39,7
27,48,42,7
25,29,20,5
67,62,66,4
49,65,57,2
90,70,69,1
8,28,4,5
35,87,72,3
47,67,53,2
85,71,80,1
59,59,58,2
54,63,66,2
68,61,57,4
83,66,88,1
94,79,100,6
90,79,73,1
39,60,49,7
93,65,78,1
93,65,71,1
72,75,72,3
62,60,65,2
45,63,51,2
20,62,35,7
67,35,43,0
55,51,51,2
35,53,39,7
66,64,64,4
73,51,56,4
32,46,47,7
45,46,25,0
47,55,52,2
51,64,55,2
22,83,66,7
73,61,72,3
33,57,46,7
73,53,64,4
43,52,48,7
96,87,90,6
46,64,50,2
79,69,100,6
78,59,73,1
59,48,43,0
47,48,42,0
75,56,65,4
45,53,38,7
55,63,63,2
48,53,49,2
60,65,69,3
56,56,64,2
97,67,76,1
84,86,95,6
71,64,69,3
69,83,75,3
69,54,66,4
87,88,100,6
100,59,71,1
100,68,76,1
73,67,81,3
59,52,54,2
77,48,68,4
93,80,95,6
64,59,52,4
71,53,59,4
46,53,47,2
36,36,29,5
61,59,58,2
34,49,34,7
67,52,65,4
82,64,69,1
52,76,69,3
94,72,88,1
64,50,69,4
81,62,63,4
78,58,67,4
56,68,63,2
57,72,59,2
24,46,21,5
57,59,44,2
39,68,85,3
76,73,84,1
71,69,86,3
50,67,57,2
28,38,26,5
38,69,63,2
94,65,67,1
96,65,72,1
54,62,69,2
67,60,56,4
16,54,34,7
36,64,47,7
13,62,38,7
47,29,25,0
60,60,45,2
87,71,94,6
76,48,52,4
7,52,29,5
81,59,61,4
49,83,78,3
15,26,5,5
41,53,47,7
66,60,61,4
79,99,100,6
66,70,78,3
83,72,81,1
77,60,62,4
63,77,88,3
72,76,60,3
77,73,80,1
49,56,57,2
57,64,52,2
70,67,72,3
35,47,31,5
55,84,79,3
69,49,53,4
77,53,51,4
48,52,51,2
74,62,78,1
100,91,97,6
33,49,27,5
65,82,87,3
63,61,57,2
81,75,89,6
44,35,28,0
71,52,47,4
40,60,61,2
43,51,50,7
49,45,51,2
80,78,88,6
59,56,71,2
55,62,72,2
81,55,66,4
67,37,29,0
28,42,30,5
38,38,30,5
46,51,36,0
23,62,42,7
34,62,53,7
44,40,38,0
74,80,74,3
72,67,66,3
61,71,75,3
58,57,65,2
54,50,49,2
92,79,93,6
73,70,89,3
74,68,74,3
33,61,66,2
44,44,28,0
62,55,48,4
37,88,88,3
51,41,34,0
85,52,52,4
58,53,56,2
46,56,42,7
13,60,50,7
69,30,36,0
0,49,13,5
54,41,30,0
89,67,79,1
77,65,82,1
100,61,87,1
72,86,100,6
83,62,73,1
47,57,53,2
60,53,53,2
16,49,19,5
56,78,79,3
73,77,69,3
52,63,56,2
100,92,100,6
42,54,46,7
44,37,33,0
45,68,42,2
60,39,49,0
65,53,46,4
76,75,93,6
46,42,28,0
95,81,79,1
52,52,47,2
55,41,35,0
57,51,56,2
31,47,37,7
53,60,57,2
70,78,99,6
57,76,66,3
53,75,83,3
84,68,81,1
50,28,19,5
57,57,60,2
88,89,97,6
25,49,25,5
35,43,32,5
85,63,76,1
22,57,47,7
50,65,77,3
84,46,58,4
56,62,57,2
77,62,82,1
74,60,66,4
53,45,48,0
61,58,62,2
51,50,47,2
36,41,28,5
54,58,65,2
56,55,78,3
67,61,79,3
64,62,54,4
47,66,59,2
73,78,76,3
40,41,29,0
43,49,50,7
77,60,64,4
35,42,32,5
39,77,56,2
65,87,89,3
71,58,54,4
67,85,93,6
52,81,85,3
78,59,72,1
38,44,45,7
26,47,28,5
87,55,80,1
10,40,23,5
89,78,100,6
59,58,61,2
58,65,66,2
83,79,99,6
89,72,83,1
35,53,40,7
59,53,55,2
100,65,80,1
49,61,69,2
73,71,68,3
18,47,18,5
84,49,55,4
54,67,77,3
58,54,66,2
43,61,27,7
61,55,68,2
76,66,72,1
90,76,100,6
72,60,70,4
69,68,69,3
82,78,73,1
44,77,66,2
76,59,67,4
51,52,54,2
49,61,71,2
100,78,86,6
61,51,42,0
72,44,32,0
80,66,84,1
100,59,80,1
79,44,55,4
53,58,57,2
43,59,56,2
87,63,78,1
100,83,97,6
59,61,63,2
63,61,71,3
42,52,52,2
86,54,57,4
72,60,57,4
74,62,62,4
98,25,41,0
43,57,52,2
60,54,42,2
58,56,62,2
52,34,37,0
43,61,55,2
46,65,47,2
49,42,35,0
89,77,77,1
87,65,66,1
69,65,64,4
52,63,73,2
75,52,46,4
60,23,31,0
92,76,100,6
57,55,57,2
69,46,51,4
46,71,44,2
84,61,68,1
63,61,58,2
46,58,44,2
94,85,89,6
79,76,82,1
36,71,62,2
61,66,72,3
59,73,71,3
37,40,36,0
36,58,60,2
27,49,28,5
44,55,61,2
32,46,19,5
67,61,64,4
45,22,18,5
88,88,89,6
71,62,48,4
40,70,62,2
56,41,26,0
100,68,77,1
29,36,16,5
47,42,47,0
38,50,44,7
78,65,79,1
40,50,59,2
63,59,42,2
11,37,15,5
14,31,7,5
71,65,76,3
18,30,0,5
62,63,73,3
71,63,70,3
67,68,62,3
42,36,24,5
52,79,81,3
57,66,57,2
90,71,89,1
65,53,56,4
61,69,61,2
46,57,54,2
58,55,54,2
69,40,34,0
98,82,97,6
44,46,30,0
39,65,48,7
96,75,81,1
85,81,100,6
52,59,51,2
64,65,54,2
51,48,49,2
23,59,32,7
61,53,56,4
50,59,64,2
41,59,46,7
69,58,52,4
68,48,57,4
57,35,34,0
40,44,35,0
68,94,100,6
55,85,79,3
57,55,48,2
70,54,73,4
53,57,57,2
67,64,74,3
68,39,44,0
97,65,76,1
70,73,65,3
100,92,100,6
46,54,31,0
53,42,26,0
82,66,64,1
68,54,64,4
26,57,43,7
49,53,42,0
73,60,57,4
55,59,55,2
55,76,75,3
32,41,25,5
57,63,58,2
85,81,96,6
46,54,36,0
86,53,67,4
55,54,42,2
53,76,71,3
73,39,42,0
74,41,65,4
91,76,90,6
85,53,51,4
60,59,74,3
86,67,85,1
36,54,51,7
38,50,41,7
72,67,65,3
86,62,71,1
43,56,54,2
64,43,51,4
79,66,74,1
67,77,80,3
81,53,50,4
71,60,60,4
44,45,35,0
59,46,40,0
87,58,64,4
79,74,87,6
30,56,48,7
34,61,54,7
20,47,45,7
99,56,85,1
71,79,84,3
41,50,28,0
63,59,72,3
79,72,63,1
57,52,47,2
32,52,41,7
53,58,70,2
62,72,70,3
58,59,53,2
63,59,88,3
33,37,21,5
18,62,47,7
40,61,57,2
27,56,31,7
60,63,74,3
38,55,48,7
31,58,63,2
61,61,59,2
82,61,52,4
46,54,64,2
46,34,36,0
64,71,65,3
41,60,47,7
45,49,32,0
28,41,27,5
55,75,71,3
62,57,56,4
47,76,57,2
53,53,51,2
84,79,99,6
66,43,33,0
88,73,94,6
65,44,42,0
55,44,27,0
78,85,89,6
39,63,42,7
51,49,38,0
47,55,38,7
46,60,45,2
48,72,64,2
46,45,39,0
88,83,82,6
18,68,58,7
33,60,53,7
73,51,62,4
73,47,59,4
18,26,15,5
89,62,87,1
61,61,49,2
44,77,81,3
40,55,54,2
53,49,57,2
58,51,58,2
88,56,65,4
59,57,65,2
81,78,83,1
57,70,70,3
42,62,53,2
43,62,54,2
61,74,79,3
36,47,48,7
36,53,34,7
56,53,41,0
96,60,65,1
53,81,77,3
49,62,62,2
65,72,78,3
73,63,64,4
49,56,60,2
28,64,55,7
47,34,26,0
51,52,43,0
73,51,64,4
63,51,44,4
81,48,57,4
32,38,21,5
58,87,94,6
71,55,58,4
46,46,43,0
82,60,72,1
48,50,43,0
71,56,76,3
55,54,48,2
74,68,61,4
100,65,85,1
64,72,71,3
81,57,70,4
45,61,58,2
46,38,23,0
26,34,6,5
66,73,80,3
100,71,94,6
38,55,29,7
36,63,42,7
76,51,42,4
32,30,36,5
84,59,63,4
80,71,87,1
87,76,81,1
89,57,56,4
68,82,87,3
50,71,64,2
43,64,63,2
59,61,40,2
51,61,74,2
100,87,99,6
66,57,61,4
56,40,42,0
61,68,78,3
72,54,53,4
54,43,38,0
45,63,39,7
45,49,36,0
56,69,77,3
69,80,96,6
41,65,55,2
45,54,53,2
69,62,67,4
55,47,45,0
91,72,86,1
85,40,43,4
17,34,39,5
60,54,56,2
100,100,100,6
62,67,64,2
39,55,42,7
80,65,69,1
88,50,55,4
42,60,42,7
34,30,13,5
50,81,70,3
41,45,29,0
68,61,61,4
76,52,58,4
63,74,63,3
87,66,83,1
34,50,33,7
52,71,65,2
59,77,89,3
21,44,34,5
85,83,98,6
41,65,50,2
59,44,30,0
81,98,100,6
82,90,100,6
68,68,71,3
74,57,66,4
68,67,75,3
52,52,57,2
67,39,42,0
80,61,60,4
59,58,60,2
53,51,27,0
36,75,72,2
80,64,79,1
71,65,75,3
41,50,36,0
48,74,76,3
59,50,64,2
19,50,27,5
61,52,51,4
55,60,57,2
73,60,55,4
61,57,62,2
50,39,25,0
28,28,0,5
71,62,58,4
44,71,63,2
43,47,37,0
60,55,39,0
82,69,92,6
73,70,73,3
61,87,82,3
41,64,55,2
57,68,77,3
36,58,56,7
53,55,52,2
72,52,67,4
70,54,63,4
47,44,37,0
68,48,32,0
22,39,19,5
70,52,40,4
28,47,53,7
76,85,77,3
83,69,72,1
36,62,41,7
80,51,51,4
65,52,48,4
67,69,74,3
43,67,69,2
41,55,40,7
48,68,59,2
29,55,45,7
48,75,62,2
30,43,43,7
53,62,63,2
68,59,61,4
65,75,84,3
56,76,72,3
73,59,53,4
86,59,78,1
49,55,39,0
53,81,85,3
100,85,100,6
30,57,48,7
76,64,66,4
62,32,34,0
60,72,80,3
49,72,72,3
70,71,66,3
71,55,49,4
51,47,50,2
50,46,55,2
29,41,22,5
57,33,37,0
56,76,68,3
69,77,67,3
88,83,94,6
73,64,68,3
84,41,70,4
45,70,72,2
79,39,43,4
51,49,65,2
84,66,75,1
53,52,38,0
33,76,46,7
47,70,56,2
85,74,77,1
93,91,96,6
100,64,87,1
64,60,67,4
54,61,47,2
27,49,36,7
75,62,70,4
93,63,79,1
62,59,74,3
61,58,54,2
30,54,46,7
40,66,47,7
80,49,52,4
40,47,39,0
73,62,74,3
75,64,83,1
61,41,47,0
73,70,67,3
58,53,51,2
64,56,58,4
68,55,64,4
43,48,40,0
62,73,84,3
57,78,81,3
53,29,33,0
48,43,43,0
35,41,26,5
58,41,21,0
6,45,12,5
60,67,67,3
81,66,61,4
54,57,71,2
87,69,86,1
97,81,100,6
66,76,74,3
67,48,49,4
39,54,38,7
81,74,77,1
28,55,53,7
37,47,30,0
63,72,73,3
44,54,37,7
68,54,52,4
80,90,100,6
61,51,52,4
70,71,71,3
78,85,82,3
30,53,30,7
57,60,46,2
80,60,76,1
74,70,85,3
98,88,96,6
60,62,63,2
91,82,79,1
69,62,64,4
100,41,44,4
79,75,80,1
65,49,36,0
71,68,65,3
37,52,44,7
67,65,64,3
74,57,56,4
27,59,59,7
63,56,60,4
78,66,76,1
72,51,51,4
61,65,61,2
39,32,26,5
14,82,60,7
59,57,65,2
25,41,17,5
37,39,28,5
65,53,57,4
88,73,83,1
97,68,88,1
77,85,95,6
47,61,52,2
67,58,63,4
72,90,95,6
71,63,70,3
45,53,54,2
47,66,50,2
53,81,71,3
64,60,67,4
82,57,50,4
72,60,52,4
70,67,70,3
78,69,83,1
82,55,56,4
69,63,74,3
47,62,56,2
91,88,93,6
52,39,42,0
50,64,67,2
34,39,20,5
68,75,71,3
70,47,57,4
77,68,76,1
55,65,66,2
32,46,38,7
43,64,54,2
93,87,96,6
70,44,40,0
80,80,100,6
56,50,43,0
52,49,50,2
77,68,68,1
60,61,56,2
64,56,64,4
46,60,41,7
70,62,82,3
85,75,60,1
53,66,78,3
68,67,71,3
74,48,49,4
66,76,77,3
56,64,60,2
56,47,42,0
76,68,74,1
86,72,90,6
68,55,59,4
56,56,52,2
73,68,65,3
23,52,42,7
82,56,65,4
100,76,99,6
48,50,58,2
91,58,78,1
91,77,81,1
74,67,70,3
51,47,50,2
45,43,47,0
88,86,82,6
79,65,51,4
67,69,72,3
56,91,78,3
41,64,45,7
50,47,44,0
100,70,86,1
84,83,84,6
47,44,26,0
42,80,66,2
42,61,67,2
80,81,74,3
31,40,23,5
68,62,65,4
34,44,21,5
35,43,31,5
76,66,67,1
42,64,67,2
73,42,47,4
23,39,35,5
92,89,100,6
34,39,12,5
60,48,45,0
39,63,68,2
53,81,60,3
65,67,72,3
68,38,48,0
64,65,64,3
29,56,48,7
50,69,70,2
53,84,81,3
53,43,33,0
36,52,44,7
67,83,100,6
30,44,33,5
54,61,50,2
100,88,100,6
80,89,93,6
96,66,67,1
72,58,53,4
32,61,35,7
52,59,50,2
69,73,73,3
78,100,100,6
51,73,61,2
66,60,61,4
78,73,82,1
56,52,37,0
85,57,67,4
90,64,72,1
47,52,47,2
80,47,51,4
59,69,71,3
68,86,83,3
51,38,21,0
65,85,86,3
28,50,39,7
73,66,75,3
100,56,77,1
86,80,91,6
22,39,26,5
53,69,75,3
52,52,42,0
63,76,86,3
99,65,89,1
80,55,79,1
78,62,68,4
55,48,53,2
63,61,77,3
55,57,61,2
47,75,85,3
74,69,67,3
65,81,81,3
91,58,77,1
48,66,57,2
42,68,51,2
88,61,83,1
52,66,64,2
92,84,96,6
28,64,54,7
82,54,79,1
56,28,35,0
65,47,48,4
61,81,88,3
76,94,99,6
75,55,70,4
85,83,92,6
30,47,46,7
100,92,100,6
74,67,66,3
51,47,45,0
41,71,66,2
68,64,60,4
55,47,55,2
54,71,83,3
61,61,70,3
58,54,47,2
50,75,75,3
75,59,62,4
100,91,98,6
13,74,37,7
63,49,50,4
55,50,57,2
72,68,84,3
87,88,100,6
61,60,64,2
29,57,42,7
60,73,54,2
15,41,28,5
16,38,23,5
100,68,77,1
62,59,71,3
71,71,88,3
64,88,92,6
32,53,35,7
43,31,37,0
77,68,86,1
53,65,80,3
52,57,75,2
47,64,66,2
57,67,63,2
90,65,85,1
59,59,55,2
37,63,38,7
32,51,50,7
68,56,70,4
72,61,68,4
17,62,39,7
61,44,30,0
86,80,67,1
50,42,35,0
36,50,52,7
69,56,53,4
79,61,70,1
47,63,40,2
56,51,59,2
68,76,84,3
88,55,64,4
64,51,54,4
51,74,67,3
46,53,54,2
33,23,17,5
69,46,51,4
33,69,43,7
81,72,94,6
23,32,3,5
59,70,64,2
82,72,83,1
86,59,72,1
66,80,81,3
14,52,40,7
38,73,74,2
63,39,45,0
69,91,99,6
59,28,30,0
61,75,84,3
33,34,25,5
74,70,84,3
88,68,98,6
77,71,73,1
57,39,41,0
16,40,33,5
38,56,42,7
83,67,70,1
36,36,28,5
61,57,61,2
82,79,98,6
94,59,79,1
9,48,30,5
52,76,57,2
47,59,38,7
73,71,70,3
49,40,37,0
78,75,90,6
57,47,48,0
64,64,68,3
63,62,61,2
85,73,76,1
53,57,58,2
76,75,81,3
70,39,40,0
30,80,73,3
56,70,74,3
40,64,64,2
70,51,71,4
60,67,66,3
80,72,80,1
64,64,72,3
67,73,72,3
38,70,63,2
64,52,66,4
44,46,38,0
50,58,42,2
44,49,41,0
67,57,58,4
48,76,90,3
56,41,36,0
83,63,68,1
71,79,97,6
57,46,53,2
54,55,51,2
77,64,76,1
75,58,66,4
33,51,42,7
30,41,47,7
85,84,94,6
38,42,37,0
75,63,54,4
75,72,76,3
49,83,69,3
60,58,52,2
53,75,59,2
64,71,81,3
87,68,78,1
83,72,72,1
63,47,51,4
74,66,75,3
77,72,65,3
49,45,41,0
50,50,67,2
56,59,54,2
61,44,44,0
42,55,41,7
90,81,100,6
63,54,41,0
38,56,48,7
68,43,48,4
71,69,73,3
70,69,77,3
98,67,79,1
57,48,50,2
76,73,73,3
42,58,44,7
76,61,68,4
42,49,47,7
59,58,44,2
50,60,59,2
33,66,62,2
18,32,20,5
68,62,69,3
63,61,72,3
75,82,100,6
39,34,25,5
68,74,92,6
41,60,43,7
39,43,42,0
94,45,54,4
62,72,67,3
32,48,36,7
26,57,40,7
89,82,92,6
59,50,43,0
80,78,78,1
48,50,46,2
17,51,41,7
61,79,74,3
48,50,45,0
96,73,82,1
37,42,29,5
59,65,55,2
55,70,65,2
20,35,12,5
64,81,80,3
30,45,44,7
93,86,100,6
76,62,66,4
66,46,42,0
42,38,37,0
91,82,95,6
64,71,81,3
76,69,79,1
89,74,90,6
85,72,85,1
56,55,64,2
87,75,97,6
43,54,51,2
82,58,78,1
67,67,64,3
62,56,70,4
89,55,62,4
20,49,23,5
34,52,31,7
78,65,87,1
76,97,100,6
71,58,55,4
48,53,40,0
30,37,31,5
73,62,74,3
16,62,50,7
76,63,65,4
64,50,59,4
67,52,66,4
46,63,58,2
75,68,77,1
38,37,17,5
46,43,37,0
57,30,40,0
21,71,60,7
55,53,45,2
58,58,43,2
86,73,88,1
72,35,27,0
64,69,74,3
41,67,65,2
82,51,55,4
45,52,34,0
74,50,64,4
30,45,33,5
43,56,49,2
59,52,43,0
21,61,45,7
62,49,44,0
92,85,88,6
100,51,81,1
80,66,72,1
39,58,45,7
34,51,32,7
63,59,58,4
28,36,26,5
92,83,96,6
61,52,50,4
