,w,p,cls
45,51,44,
53,57,58,
42,78,68,
74,57,70,
82,71,87,p
70,77,82,p
59,73,62,
26,53,41,撣낤
67,56,64,
41,49,43,
64,56,66,
53,83,82,p
19,43,29,撣낤
52,47,38,
52,52,54,
48,48,41,
59,79,68,
78,59,70,
69,63,54,
69,47,52,
88,56,56,
66,54,40,
56,56,76,
37,53,46,
54,59,47,
56,47,43,
69,79,86,p
22,72,50,
37,60,51,
62,69,73,
63,79,73,
58,65,84,p
61,45,46,
59,53,53,
82,77,79,
35,41,19,撣낤
71,45,58,
61,62,70,
54,62,47,
24,54,34,撣낤
30,50,35,撣낤
52,65,53,
41,57,40,
50,46,51,
60,73,51,
51,56,51,
69,50,53,
69,60,62,
64,75,71,
52,64,66,
94,56,50,
90,74,92,p
63,39,34,
48,51,42,
63,47,46,
82,86,100,D
71,54,53,
60,70,73,
32,52,45,
44,64,58,
100,83,100,D
81,68,68,
66,68,59,
81,43,42,
72,58,64,
81,76,89,p
70,52,55,
69,75,80,
68,51,57,
68,58,82,p
60,59,58,
88,70,93,p
94,90,100,D
53,42,44,
72,78,75,
52,49,68,
46,50,34,
52,42,31,撣낤
67,44,48,
23,20,11,撣낤
37,32,17,撣낤
77,49,57,
43,45,33,撣낤
68,65,50,
87,70,84,p
45,69,62,
28,65,68,
47,63,61,
75,55,77,
54,66,78,
100,64,82,p
64,38,36,
55,57,64,
78,74,83,p
98,85,88,D
75,45,46,
75,42,57,
58,78,69,
73,83,85,p
67,75,68,
85,64,58,
73,56,55,
70,53,55,
51,51,47,
95,74,91,p
73,53,62,
94,70,72,
48,66,64,
65,61,56,
53,67,55,
33,47,37,撣낤
62,66,62,
37,43,41,撣낤
68,60,49,
87,93,94,D
52,66,58,
36,51,34,撣낤
90,58,86,p
35,48,39,撣낤
52,66,58,
55,52,48,
72,52,65,
44,72,67,
82,83,85,D
71,65,78,
23,18,0,撣낤
54,31,30,撣낤
94,71,86,p
35,63,66,
31,41,51,
82,72,91,p
69,66,69,
67,68,72,
35,61,58,
36,53,35,撣낤
85,80,90,D
69,49,50,
65,49,40,
49,57,56,
86,72,82,p
67,40,31,
74,34,43,
69,78,85,p
48,60,41,
52,57,47,
54,63,56,
65,60,69,
68,64,76,
88,74,93,p
88,84,100,D
81,45,52,
37,49,54,
60,68,57,
50,59,58,
79,69,78,
19,49,2,撣낤
39,63,61,
76,66,65,
99,76,88,p
73,78,95,p
67,46,53,
55,83,73,w
41,46,59,
36,70,69,
69,76,71,
32,51,49,
78,61,57,
19,54,35,撣낤
23,50,51,撣낤
81,57,71,
78,73,80,p
64,77,77,
78,93,97,D
43,60,54,
59,47,39,
82,61,68,
13,60,33,撣낤
32,49,51,
75,58,62,
91,65,81,p
51,65,57,
100,86,100,D
72,88,85,p
74,46,38,
64,60,76,
63,54,70,
67,69,79,
72,55,72,
73,23,38,
69,60,58,
75,65,72,
58,69,66,
44,75,66,
54,59,62,
59,44,50,
71,35,32,
58,68,56,
74,55,67,
60,93,96,p
86,48,58,
75,42,43,
67,62,73,
57,61,51,
36,56,57,
87,70,83,p
61,63,71,
58,61,55,
57,75,62,
35,83,65,
26,37,19,撣낤
57,59,50,
70,74,74,
54,33,31,撣낤
37,53,44,
73,62,69,
35,54,42,
100,70,100,p
47,59,51,
75,62,79,
38,33,31,撣낤
89,70,86,p
53,43,15,撣낤
48,57,51,
28,47,45,撣낤
68,53,64,
81,72,88,p
70,56,54,
44,36,28,撣낤
62,50,44,
63,44,46,
99,98,100,D
63,72,72,
66,54,52,
47,46,48,
53,60,53,
72,73,72,
55,63,50,
55,43,48,
39,55,52,
38,59,57,
42,64,50,
60,67,61,
80,62,70,
63,80,96,p
67,54,50,
47,46,61,
35,65,53,
83,53,57,
57,44,43,
39,48,52,
67,65,72,
62,63,65,
89,64,74,
34,55,50,
72,85,91,p
72,82,80,w
55,54,52,
77,41,50,
48,59,65,
64,61,60,
0,22,4,撣낤
41,40,36,撣낤
71,62,72,
57,40,39,
77,66,77,
46,32,26,撣낤
57,49,46,
75,71,94,p
49,48,30,
56,39,28,撣낤
60,45,47,
25,22,11,撣낤
58,72,80,
69,54,64,
76,54,57,
42,51,32,撣낤
79,67,78,
45,38,33,撣낤
51,58,57,
60,44,52,
83,59,73,
28,65,58,
68,64,80,
54,73,72,
53,59,45,
38,61,57,
31,69,60,
80,50,69,
59,65,60,
47,58,45,
73,53,65,
73,82,86,p
44,41,34,撣낤
46,56,62,
61,34,34,
44,78,82,p
71,65,62,
77,67,62,
73,53,57,
90,72,86,p
53,58,47,
87,68,79,
43,67,53,
78,62,73,
41,52,55,
40,47,38,
49,60,47,
57,64,48,
60,49,54,
44,70,74,
32,49,33,撣낤
10,48,18,撣낤
47,62,30,
68,71,70,
100,84,100,D
44,46,48,
89,84,93,D
57,43,46,
82,68,71,
85,59,59,
66,63,68,
100,96,100,D
53,55,47,
74,62,64,
71,52,55,
62,61,56,
85,65,69,
38,37,27,撣낤
71,51,69,
17,37,17,撣낤
56,67,65,
77,54,42,
78,53,62,
48,55,59,
66,68,68,
57,54,54,
67,58,76,
35,35,17,撣낤
64,50,49,
71,72,76,
61,69,63,
68,76,82,p
49,63,55,
57,56,43,
40,39,26,撣낤
58,82,75,w
95,78,100,p
81,63,75,
64,61,79,
56,61,58,
47,36,39,撣낤
27,30,15,撣낤
100,63,84,p
52,69,61,
63,62,60,
80,50,62,
66,46,38,
78,70,61,
62,76,76,
45,79,78,
23,50,27,撣낤
35,48,34,撣낤
49,57,37,
54,52,45,
51,47,55,
26,62,73,
72,80,64,w
84,82,98,D
43,76,63,
51,47,46,
52,60,64,
56,65,52,
78,61,55,
28,68,58,
49,63,52,
24,17,10,撣낤
82,72,91,p
76,66,74,
62,52,54,
69,70,95,p
82,56,52,
69,66,73,
55,49,33,
81,82,96,D
75,77,87,p
70,64,72,
78,52,67,
64,41,36,
48,50,48,
100,67,89,p
62,87,84,p
42,54,36,
31,63,51,
38,53,55,
69,64,64,
64,66,68,
48,45,63,
100,72,90,p
57,60,51,
46,61,66,
44,41,32,撣낤
32,54,37,撣낤
51,42,27,撣낤
82,66,67,
62,44,61,
83,82,95,D
77,73,82,p
75,34,39,
53,39,39,
58,51,41,
58,59,57,
83,70,64,
57,52,39,
67,73,75,
67,67,63,
97,72,94,p
67,59,68,
100,60,90,p
79,70,70,
63,63,66,
85,68,78,
76,70,64,
70,63,82,p
67,73,60,
24,24,0,撣낤
85,71,83,p
45,52,67,
54,50,39,
64,53,50,
80,48,70,
45,34,31,撣낤
40,67,57,
49,58,49,
76,44,46,
85,73,77,
48,35,26,撣낤
65,49,32,
48,78,69,
40,67,60,
71,56,53,
25,47,33,撣낤
84,77,80,p
37,43,40,撣낤
98,86,100,D
35,43,41,撣낤
57,61,72,
81,65,85,p
30,48,27,撣낤
11,46,25,撣낤
36,47,36,撣낤
93,71,80,p
74,63,55,
53,63,52,
60,81,73,w
61,59,55,
58,70,71,
70,41,66,
59,61,66,
68,70,67,
54,75,73,
81,72,92,p
64,69,63,
68,61,71,
63,71,68,
66,57,43,
88,66,74,
86,76,94,p
58,74,78,
86,95,100,D
64,71,70,
57,64,60,
70,72,82,p
39,60,50,
75,57,77,
42,67,61,
49,74,57,
80,60,46,
38,39,36,撣낤
46,73,59,
96,52,61,
40,54,54,
53,84,89,p
77,74,89,p
81,67,76,
100,90,100,D
56,61,56,
56,75,76,
26,41,27,撣낤
79,51,71,
100,90,100,D
34,16,0,撣낤
28,53,31,撣낤
80,57,79,
60,51,37,
43,50,46,
67,89,77,w
73,57,57,
29,68,55,
70,51,53,
67,55,50,
58,66,49,
59,68,70,
31,62,59,
56,63,67,
82,45,59,
73,64,82,p
30,45,17,撣낤
69,66,69,
32,36,27,撣낤
27,58,44,
55,59,44,
9,17,0,撣낤
64,54,58,
63,72,72,
20,53,53,
72,40,48,
58,56,53,
39,51,48,
73,53,71,
70,65,78,
67,49,49,
50,56,59,
38,64,47,
99,55,70,
65,56,62,
59,52,35,
74,44,53,
58,58,62,
76,77,100,p
84,70,88,p
70,57,41,
9,34,2,撣낤
48,51,40,
31,33,19,撣낤
43,52,27,撣낤
55,53,53,
29,48,38,撣낤
47,54,45,
50,63,59,
32,64,65,
87,51,57,
62,71,76,
75,47,51,
65,63,66,
40,66,40,
40,55,47,
29,36,13,撣낤
51,40,31,撣낤
38,45,35,撣낤
65,60,56,
42,78,77,
94,77,81,p
40,60,52,
47,71,59,
100,88,100,D
64,58,60,
67,67,64,
69,68,87,p
100,82,94,D
70,89,100,p
74,51,55,
59,57,53,
66,65,69,
50,54,64,
51,47,44,
58,63,54,
34,52,38,撣낤
50,41,50,
18,49,49,撣낤
37,74,79,
92,58,75,
58,72,74,
45,79,86,p
82,71,85,p
63,69,49,
70,60,71,
11,44,21,撣낤
71,86,75,w
57,52,63,
74,79,78,w
63,47,44,
44,67,69,
72,92,100,p
94,86,100,D
50,79,100,p
66,66,60,
47,65,49,
78,67,68,
72,60,81,p
33,79,69,
52,78,75,
26,61,47,
68,68,92,p
97,49,75,
37,84,90,p
42,74,63,
50,62,52,
55,34,45,
79,73,79,
56,31,34,撣낤
47,51,45,
80,62,64,
46,58,49,
54,73,65,
73,72,88,p
51,50,53,
39,47,43,
41,54,40,
83,50,50,
76,45,39,
68,40,49,
65,53,56,
100,67,91,p
51,41,51,
74,60,67,
66,64,68,
60,45,41,
74,54,66,
23,47,26,撣낤
62,70,54,
67,84,76,w
52,38,43,
36,59,36,
66,82,86,p
83,51,55,
51,50,57,
46,56,55,
96,60,84,p
54,57,56,
72,60,66,
29,50,18,撣낤
31,55,48,
60,62,51,
43,66,49,
70,52,68,
68,51,64,
86,65,63,
65,66,59,
54,63,55,
90,76,77,
55,68,63,
100,69,73,
34,25,20,撣낤
64,52,64,
47,53,43,
72,45,38,
47,54,39,
58,48,48,
60,76,82,p
55,58,54,
60,56,53,
76,73,62,
84,92,100,D
67,71,65,
100,79,98,D
21,27,23,撣낤
48,72,64,
34,42,32,撣낤
63,57,48,
96,76,88,p
44,42,41,
62,66,52,
44,50,55,
72,85,97,p
81,76,80,p
54,65,55,
65,67,62,
85,64,83,p
69,64,70,
69,60,54,
84,84,90,D
59,72,68,
36,47,35,撣낤
61,60,56,
49,53,51,
38,44,27,撣낤
47,50,30,
48,61,46,
62,54,67,
78,66,62,
30,50,42,撣낤
58,60,62,
77,68,71,
50,77,88,p
55,55,53,
18,26,13,撣낤
75,69,73,
92,73,87,p
61,86,78,w
60,44,40,
78,73,68,
50,70,56,
57,57,55,
41,45,25,撣낤
68,62,77,
68,75,84,p
49,47,56,
92,67,71,
44,40,23,撣낤
62,57,72,
21,39,33,撣낤
69,56,53,
79,81,93,D
71,70,65,
49,66,75,
68,54,63,
73,42,51,
58,63,61,
70,63,69,
65,68,78,
47,57,67,
98,61,73,
100,74,85,p
41,56,32,
33,39,27,撣낤
80,52,59,
50,71,65,
82,61,70,
66,69,65,
94,54,66,
14,33,3,撣낤
57,65,69,
40,69,59,
73,83,85,p
64,58,58,
60,58,51,
38,56,37,
42,65,50,
65,43,40,
69,80,72,w
83,78,100,p
52,69,61,
62,39,47,
25,36,19,撣낤
57,51,36,
97,53,62,
78,41,56,
50,49,52,
100,81,100,D
88,63,76,
55,51,54,
41,64,42,
75,71,80,
88,59,71,
64,69,80,
35,40,40,撣낤
85,60,68,
100,65,89,p
59,77,78,
69,66,73,
53,59,63,
42,55,46,
44,67,47,
13,26,4,撣낤
50,69,63,
55,63,49,
52,59,55,
73,70,64,
69,53,52,
78,75,75,
80,92,96,D
33,45,28,撣낤
41,45,38,撣낤
30,46,47,撣낤
52,54,54,
73,86,76,w
32,54,45,
61,56,54,
71,58,62,
76,64,69,
15,51,18,撣낤
49,76,70,
54,55,41,
56,50,48,
100,83,100,D
86,69,80,p
43,36,29,撣낤
65,70,78,
45,66,56,
35,37,50,
95,54,81,p
33,60,39,
100,84,100,D
76,58,58,
3,34,13,撣낤
99,71,90,p
60,63,69,
76,74,82,p
29,61,30,撣낤
74,71,83,p
80,63,69,
43,62,59,
60,64,71,
52,52,55,
72,65,59,
81,79,76,
78,56,68,
91,87,100,D
39,47,41,
76,68,67,
43,66,56,
67,48,49,
59,75,80,
72,61,63,
53,59,42,
50,44,40,
76,48,77,
66,65,80,
81,67,75,
55,50,51,
17,12,3,撣낤
86,44,57,
47,47,45,
73,74,70,
24,49,33,撣낤
51,62,52,
58,49,43,
38,51,49,
53,47,51,
57,63,55,
61,60,55,
36,34,27,撣낤
93,69,86,p
98,68,83,p
46,55,49,
72,51,65,
79,58,68,
70,66,70,
70,46,53,
48,46,38,
19,48,28,撣낤
27,49,29,撣낤
78,59,85,p
50,65,69,
96,71,74,
58,65,63,
44,62,66,
45,70,64,
56,73,74,
61,52,46,
44,58,44,
43,68,56,
23,49,34,撣낤
75,64,63,
100,62,93,p
48,72,71,
75,50,63,
47,55,45,
85,88,88,D
56,46,39,
50,54,55,
100,85,88,D
29,33,17,撣낤
73,66,64,
35,48,37,撣낤
47,68,71,
67,34,27,撣낤
67,53,44,
68,38,38,
75,47,60,
54,41,26,撣낤
57,69,59,
30,56,31,撣낤
72,63,84,p
39,75,61,
33,53,50,
33,40,23,撣낤
50,37,36,撣낤
73,60,65,
66,54,52,
66,81,79,w
47,58,46,
26,47,29,撣낤
70,55,66,
62,52,55,
91,64,84,p
64,78,86,p
41,53,50,
27,67,55,
62,50,60,
64,65,74,
100,58,100,p
59,64,71,
67,60,68,
80,70,85,p
45,44,34,撣낤
23,49,34,撣낤
81,64,63,
48,47,27,撣낤
52,57,53,
51,43,51,
83,59,82,p
88,54,70,
28,39,21,撣낤
40,61,73,
80,93,97,D
90,65,80,p
64,59,53,
93,68,92,p
75,55,59,
100,78,96,p
66,72,68,
50,47,52,
54,90,88,p
71,69,64,
94,100,100,D
55,64,63,
62,62,58,
56,53,58,
43,58,54,
92,72,98,p
82,85,78,
72,57,61,
78,75,80,p
39,77,71,
84,59,75,
80,73,86,p
88,82,95,D
56,47,39,
60,40,34,
53,64,59,
67,89,93,p
73,44,37,
83,54,56,
49,63,58,
74,52,46,
67,65,57,
40,34,28,撣낤
60,84,86,p
69,51,65,
71,70,67,
60,78,66,
52,61,69,
61,58,63,
59,53,44,
81,70,91,p
82,80,90,D
54,33,39,
68,63,68,
92,72,83,p
47,62,44,
88,87,83,D
21,38,25,撣낤
75,65,72,
87,68,71,
59,60,58,
52,54,49,
59,49,35,
27,45,26,撣낤
65,87,80,w
54,44,44,
61,47,54,
82,65,62,
30,59,62,
48,70,65,
41,35,23,撣낤
69,79,93,p
45,47,36,
77,81,90,p
69,82,94,p
42,64,65,
30,65,39,
93,56,79,
74,52,49,
77,55,70,
67,67,64,
29,57,45,
50,52,38,
59,55,57,
81,72,79,
78,67,82,p
31,47,41,撣낤
42,44,39,
81,70,80,p
68,47,43,
43,60,48,
61,73,69,
35,34,19,撣낤
68,75,70,
54,68,60,
36,50,55,
67,63,70,
59,70,61,
28,37,28,撣낤
74,84,77,w
53,64,70,
62,61,58,
57,69,58,
51,69,78,
66,54,70,
25,49,34,撣낤
16,53,27,撣낤
81,71,50,
67,60,74,
54,84,85,p
54,71,77,
50,63,57,
53,73,65,
88,49,69,
100,74,100,p
48,71,66,
91,82,100,D
71,56,57,
100,65,77,
79,55,67,
80,48,61,
67,89,86,p
59,51,64,
35,73,57,
52,54,58,
24,50,43,撣낤
92,61,71,
65,53,59,
38,44,44,
44,75,61,
65,65,73,
45,58,62,
59,53,56,
97,47,75,
48,79,80,
39,58,52,
61,58,63,
62,61,54,
55,53,51,
92,85,93,D
41,56,61,
68,57,52,
81,71,85,p
57,47,52,
39,64,63,
60,64,57,
89,60,74,
36,41,23,撣낤
82,70,60,
51,58,65,
24,43,53,撣낤
48,43,33,撣낤
71,69,74,
55,24,9,撣낤
74,53,69,
49,65,64,
58,69,72,
31,45,35,撣낤
26,43,26,撣낤
90,84,96,D
84,85,97,D
91,61,82,p
10,27,0,撣낤
85,61,84,p
34,36,34,撣낤
24,34,8,撣낤
77,77,89,p
45,49,46,
93,79,94,p
62,65,72,
65,43,41,
83,53,57,
55,53,46,
89,71,86,p
57,52,60,
26,64,69,
27,67,40,
27,67,43,
71,64,61,
74,66,79,
54,40,41,
80,64,88,p
81,74,73,
30,63,64,
54,68,79,
81,64,75,
89,66,92,p
50,69,57,
32,39,13,撣낤
80,77,80,p
70,77,76,
71,73,69,
49,37,21,撣낤
59,73,68,
62,52,56,
70,46,53,
73,65,59,
100,55,78,
51,54,46,
80,79,100,D
27,54,57,
77,56,62,
67,62,70,
85,81,83,D
73,71,61,
69,91,83,p
79,55,45,
39,52,60,
53,36,32,撣낤
86,93,100,D
55,59,68,
73,46,44,
36,60,56,
92,65,72,
38,27,29,撣낤
78,56,56,
42,63,62,
84,71,77,
2,43,16,撣낤
43,51,26,撣낤
52,64,54,
85,70,79,
100,75,85,p
100,55,90,p
68,69,93,p
75,42,50,
57,62,58,
92,85,91,D
46,66,58,
86,62,72,
55,78,70,
28,69,51,
90,91,98,D
68,59,55,
58,62,60,
55,53,56,
100,85,100,D
41,57,44,
54,55,60,
57,34,34,撣낤
47,63,53,
66,85,73,w
47,40,24,撣낤
80,65,66,
90,46,57,
92,58,89,p
94,83,90,D
45,47,34,
81,67,70,
55,42,46,
79,41,57,
50,49,53,
31,60,67,
58,51,53,
73,66,78,
49,75,55,
67,59,66,
28,50,42,撣낤
66,68,79,
51,52,52,
34,50,28,撣낤
82,64,64,
73,78,84,p
56,54,48,
81,77,90,p
23,64,62,
86,81,94,D
25,39,24,撣낤
49,65,67,
40,59,39,
83,44,57,
59,63,56,
58,85,65,w
70,47,47,
88,87,90,D
47,33,19,撣낤
58,41,32,
48,54,52,
37,50,47,
59,51,50,
82,83,93,D
47,53,50,
96,79,90,p
70,59,57,
83,62,64,
80,73,94,p
63,68,77,
47,47,33,
60,44,60,
42,60,40,
75,93,80,w
31,53,48,
58,67,76,
67,52,64,
49,72,68,
100,74,81,p
88,63,68,
65,62,53,
34,38,33,撣낤
14,38,14,撣낤
34,44,45,撣낤
25,37,34,撣낤
81,77,92,p
75,59,55,
80,71,86,p
86,72,89,p
86,73,91,p
49,57,40,
73,82,74,w
99,71,88,p
90,93,100,D
70,74,66,
58,42,45,
74,72,81,p
77,64,76,
42,41,32,撣낤
22,43,20,撣낤
100,69,97,p
83,45,62,
77,42,62,
47,42,50,
60,75,78,
73,50,54,
15,59,37,撣낤
74,61,87,p
88,67,75,
37,50,52,
46,55,46,
46,82,86,p
81,60,58,
68,51,46,
61,35,40,
42,45,52,
40,38,19,撣낤
87,63,87,p
36,45,49,
54,42,36,
35,65,59,
66,53,57,
33,48,33,撣낤
41,60,66,
52,61,68,
53,77,80,
66,79,74,
70,84,72,w
53,62,62,
87,80,82,p
55,50,42,
24,59,49,
44,43,43,
42,48,43,
60,78,57,
81,67,76,
40,36,3,撣낤
62,84,90,p
63,55,58,
80,48,64,
64,78,82,p
36,58,58,
60,62,61,
37,50,43,
100,83,100,D
71,76,92,p
74,74,93,p
49,64,52,
65,60,66,
31,59,42,
63,79,77,
84,75,75,
45,64,52,
12,57,31,撣낤
95,73,88,p
58,76,76,
57,79,83,p
17,43,19,撣낤
60,64,72,
59,64,63,
51,82,98,p
77,67,68,
24,29,12,撣낤
44,62,69,
36,64,56,
37,71,60,
49,68,76,
58,58,62,
15,50,32,撣낤
73,73,74,
74,82,88,p
75,53,48,
48,72,52,
27,56,44,
54,38,40,
62,49,47,
57,51,41,
63,81,85,p
85,79,90,D
48,56,55,
74,77,77,
63,65,73,
24,52,44,撣낤
95,76,87,p
63,57,66,
64,75,72,
45,44,32,撣낤
31,64,51,
40,44,22,撣낤
62,57,46,
95,90,82,D
73,59,61,
59,57,38,
31,63,53,
43,59,51,
73,59,61,
72,63,66,
59,70,61,
24,56,52,
69,80,83,p
85,70,78,
31,43,30,撣낤
41,76,64,
21,64,27,撣낤
64,47,66,
46,53,53,
39,57,54,
58,47,43,
71,64,63,
60,97,86,p
77,66,67,
74,59,75,
64,75,75,
55,44,35,
46,47,53,
56,79,79,
65,84,70,w
59,55,51,
72,63,71,
66,49,61,
57,56,53,
49,67,58,
60,45,59,
55,75,85,p
69,77,82,p
49,38,48,
91,79,97,p
69,55,49,
40,53,32,撣낤
25,35,19,撣낤
83,78,84,p
52,65,61,
78,48,50,
64,36,44,
94,82,88,D
65,48,38,
72,61,70,
56,44,36,
55,62,62,
44,79,59,
69,57,59,
48,93,98,p
38,65,69,
37,73,60,
48,55,31,
76,75,67,
41,75,65,
74,61,75,
44,60,64,
63,46,38,
0,31,7,撣낤
35,43,18,撣낤
90,58,71,
46,43,26,撣낤
85,75,84,p
71,53,54,
55,59,71,
53,66,62,
100,82,100,D
28,27,15,撣낤
33,39,9,撣낤
47,36,35,撣낤
41,56,46,
58,42,38,
76,71,82,p
83,65,71,
78,74,72,
56,56,52,
60,59,69,
62,68,77,
46,47,40,
70,67,63,
54,54,51,
67,62,43,
100,81,100,D
55,58,58,
42,59,48,
41,71,62,
79,74,74,
85,79,79,p
55,75,66,
32,48,50,
60,66,51,
68,66,77,
81,61,50,
48,60,46,
85,97,100,D
71,80,84,p
40,44,35,撣낤
57,63,47,
66,69,71,
17,45,28,撣낤
76,68,90,p
55,44,30,
74,56,50,
53,66,49,
43,46,42,
53,42,46,
70,73,70,
83,57,60,
41,43,17,撣낤
80,67,79,
69,52,57,
68,49,65,
39,39,25,撣낤
38,77,75,
63,51,54,
66,50,53,
89,71,77,
71,58,72,
77,65,67,
73,80,85,p
45,77,76,
64,78,85,p
50,64,65,
41,22,26,撣낤
100,84,100,D
50,69,55,
69,70,79,
63,69,70,
75,69,60,
15,46,31,撣낤
43,60,53,
57,92,86,p
67,59,68,
27,48,33,撣낤
72,48,62,
66,62,59,
56,58,48,
47,77,86,p
88,100,100,D
72,74,65,
28,34,28,撣낤
32,43,42,撣낤
76,63,67,
56,57,53,
100,90,100,D
44,60,51,
71,58,68,
84,81,96,D
72,76,77,
100,68,76,
83,74,85,p
72,72,74,
95,79,85,p
43,42,42,
94,70,60,
36,53,40,
45,63,48,
87,76,77,
39,67,56,
91,75,92,p
44,60,45,
28,63,31,撣낤
76,60,62,
81,53,64,
74,56,58,
53,54,43,
70,62,66,
58,62,67,
79,73,100,p
6,38,16,撣낤
40,43,34,撣낤
44,76,76,
55,53,55,
74,74,73,
40,50,43,
51,68,63,
35,41,26,撣낤
65,59,67,
58,69,68,
60,57,69,
61,69,77,
39,66,42,
47,68,59,
50,50,60,
37,24,28,撣낤
75,55,55,
77,69,59,
65,43,41,
54,35,44,
39,89,75,w
90,70,73,
76,81,97,p
39,51,55,
60,60,65,
33,43,44,撣낤
55,49,29,
65,31,32,
40,66,39,
44,51,42,
27,62,47,
27,55,45,
45,55,53,
45,45,46,
33,50,26,撣낤
54,17,19,撣낤
33,68,63,
57,62,63,
88,73,81,p
55,67,63,
64,67,61,
49,51,56,
33,63,54,
62,63,64,
27,53,50,
92,64,86,p
98,74,100,p
58,57,61,
60,65,61,
30,43,27,撣낤
81,65,81,p
45,82,78,w
49,53,57,
64,81,85,p
70,61,63,
65,65,54,
75,62,68,
87,86,92,D
84,73,73,
45,70,55,
20,51,45,撣낤
47,75,79,
26,58,44,
78,64,79,
55,59,53,
32,63,40,
38,68,53,
67,64,80,
73,74,71,
37,69,51,
47,51,28,撣낤
62,64,70,
58,59,63,
72,56,63,
64,66,80,
88,66,70,
65,62,61,
53,41,37,
56,71,75,
46,48,51,
72,71,90,p
75,82,75,w
62,57,68,
48,63,53,
15,68,47,
96,93,100,D
55,36,22,撣낤
72,67,62,
55,57,56,
78,64,79,
83,74,64,
72,70,73,
75,58,84,p
79,71,72,
100,88,100,D
38,64,44,
34,44,34,撣낤
40,57,46,
74,61,52,
41,74,66,
8,24,8,撣낤
66,79,84,p
42,80,79,
80,65,81,p
62,52,65,
58,50,61,
89,85,100,D
81,53,65,
49,58,62,
57,61,57,
43,41,35,撣낤
41,63,46,
66,24,25,撣낤
46,44,53,
65,66,61,
61,84,85,p
39,61,50,
26,60,55,
50,73,75,
38,47,36,撣낤
81,83,78,
99,71,90,p
33,60,59,
80,68,92,p
62,36,45,
98,88,91,D
28,39,19,撣낤
45,57,47,
73,62,80,
51,50,38,
51,76,77,
68,58,42,
75,71,85,p
57,47,49,
58,52,58,
80,86,100,D
49,58,45,
68,68,63,
73,77,77,
72,74,88,p
74,52,53,
42,58,60,
96,76,85,p
82,67,83,p
74,52,48,
89,95,93,D
44,77,62,
51,64,58,
56,75,53,
30,35,24,撣낤
97,69,90,p
53,78,75,
35,35,34,撣낤
54,66,66,
48,64,63,
11,48,39,撣낤
56,29,21,撣낤
47,30,20,撣낤
27,42,36,撣낤
76,73,88,p
81,74,84,p
59,75,76,
68,67,60,
73,74,88,p
85,81,99,D
71,57,55,
36,62,43,
48,60,58,
51,49,47,
55,69,67,
51,62,49,
53,43,52,
49,53,49,
71,69,65,
62,62,62,
75,70,81,p
72,55,53,
67,74,60,
72,71,76,
76,60,54,
45,33,29,撣낤
94,73,93,p
40,43,54,
38,58,56,
98,83,86,D
68,76,80,
60,72,90,p
93,67,85,p
61,52,49,
55,60,53,
31,60,58,
72,66,73,
63,69,77,
74,60,75,
31,65,54,
26,64,49,
67,68,70,
88,56,55,
37,47,30,撣낤
65,60,52,
74,63,66,
68,51,65,
68,57,46,
90,62,80,p
53,58,67,
60,64,72,
18,19,12,撣낤
59,60,60,
50,75,68,
48,65,58,
60,57,54,
73,79,87,p
36,44,27,撣낤
62,39,40,
46,52,52,
52,54,67,
42,56,43,
77,68,81,p
63,51,50,
82,65,52,
49,82,70,w
72,56,54,
50,59,48,
51,80,79,
83,69,71,
71,66,78,
32,68,70,
54,62,55,
51,72,81,
72,76,60,
55,66,67,
61,72,47,
84,61,79,
92,79,92,p
47,56,33,
68,56,69,
14,36,33,撣낤
70,73,58,
62,61,77,
73,54,62,
51,58,58,
41,46,34,撣낤
29,61,46,
65,66,68,
88,65,83,p
97,65,79,
56,60,67,
44,51,25,撣낤
51,34,36,撣낤
74,70,72,
57,51,47,
62,77,61,
68,68,70,
63,67,73,
59,49,47,
96,52,59,
43,45,45,
27,50,44,撣낤
97,42,68,
64,56,68,
59,73,58,
76,73,90,p
68,74,71,
22,60,40,撣낤
83,66,77,
67,72,74,
47,83,71,w
90,72,98,p
54,59,55,
100,69,100,p
81,64,59,
79,71,82,p
57,90,83,p
39,45,33,撣낤
42,76,53,
100,77,100,p
65,44,54,
84,47,71,
32,63,44,
49,42,38,
56,54,32,
70,78,93,p
55,44,46,
66,48,37,
85,85,91,D
48,42,34,撣낤
70,66,64,
27,41,19,撣낤
69,71,82,p
56,52,63,
100,97,100,D
37,63,68,
31,46,42,撣낤
59,80,73,
93,94,100,D
81,81,91,D
45,49,50,
66,63,61,
52,53,44,
67,60,70,
26,46,37,撣낤
37,60,53,
77,69,77,
100,74,88,p
35,55,36,
38,52,49,
82,75,82,p
92,53,81,p
32,72,68,
53,62,65,
79,38,56,
56,63,73,
68,48,55,
44,62,63,
93,66,82,p
72,82,89,p
100,80,90,D
57,49,38,
18,65,52,
56,48,54,
64,53,53,
64,40,56,
55,64,57,
39,52,57,
72,76,85,p
62,57,59,
53,49,53,
84,53,46,
55,54,57,
73,61,52,
66,64,58,
66,78,89,p
55,60,65,
58,47,54,
60,77,72,
60,56,50,
40,68,62,
50,84,87,p
49,56,57,
53,77,70,
100,68,76,
51,60,51,
45,43,31,撣낤
14,70,47,
34,48,35,撣낤
72,66,49,
69,66,68,
100,61,72,
38,46,29,撣낤
82,81,85,D
85,71,96,p
90,71,78,
73,86,81,w
45,57,58,
51,44,38,
31,64,54,
52,62,55,
100,72,100,p
87,77,87,p
30,58,40,
62,45,52,
61,83,93,p
24,26,24,撣낤
91,67,77,
45,61,59,
31,65,43,
79,64,92,p
52,47,30,
18,48,30,撣낤
62,59,53,
44,48,46,
37,47,51,
56,57,26,
38,43,22,撣낤
85,69,64,
41,60,61,
95,65,80,p
74,78,95,p
77,62,67,
59,45,47,
44,43,47,
40,31,48,撣낤
25,57,35,撣낤
26,53,54,
64,43,54,
57,54,50,
68,57,68,
100,61,81,p
97,48,60,
71,80,88,p
26,34,4,撣낤
91,77,90,p
52,66,72,
76,61,68,
76,64,79,
100,76,97,p
75,75,77,
72,61,66,
72,52,55,
80,76,86,p
64,73,75,
65,68,81,p
65,41,37,
43,42,28,撣낤
77,51,52,
100,79,84,p
56,48,32,
49,41,48,
67,80,89,p
70,66,66,
76,64,64,
60,40,51,
53,58,58,
30,51,50,
35,51,53,
85,61,81,p
39,52,25,撣낤
68,53,59,
59,66,75,
72,66,62,
59,74,60,
28,52,37,撣낤
64,62,77,
60,80,77,
85,71,100,p
68,65,51,
65,63,66,
27,49,42,撣낤
82,55,68,
3,25,2,撣낤
47,55,61,
100,66,86,p
78,73,79,
61,54,52,
64,79,80,
62,73,82,p
95,70,79,
62,37,45,
76,73,86,p
61,27,32,撣낤
42,67,62,
55,66,53,
26,31,2,撣낤
64,44,26,
24,42,26,撣낤
60,58,59,
69,59,47,
25,35,7,撣낤
80,55,60,
55,64,75,
76,81,79,w
33,47,20,撣낤
70,58,67,
41,36,36,撣낤
33,21,17,撣낤
100,81,94,D
46,72,69,
36,63,46,
50,49,42,
63,54,52,
60,55,52,
78,43,48,
48,55,55,
39,46,35,撣낤
55,87,93,p
64,74,61,
79,56,62,
55,54,46,
100,70,99,p
58,74,63,
51,72,68,
98,70,83,p
36,85,81,p
78,67,80,
69,78,82,p
53,42,39,
44,57,62,
67,75,66,
86,52,68,
78,55,45,
91,59,80,p
43,73,63,
77,59,55,
54,55,62,
42,93,85,p
51,91,96,p
12,49,24,撣낤
42,67,64,
33,39,27,撣낤
39,74,68,
51,61,62,
64,58,66,
50,53,42,
82,77,84,p
60,63,56,
33,34,16,撣낤
65,63,65,
88,78,80,p
50,59,54,
38,35,13,撣낤
84,80,75,
59,54,44,
50,46,56,
30,58,43,
63,75,78,
41,55,54,
76,76,79,
75,64,83,p
71,64,60,
60,58,55,
70,77,81,p
22,53,17,撣낤
20,41,29,撣낤
70,60,53,
40,50,38,
38,38,23,撣낤
47,47,46,
36,56,42,
49,87,94,p
92,66,76,
55,81,75,w
73,85,93,p
53,40,45,
70,63,70,
29,55,37,撣낤
31,48,46,
43,56,43,
43,52,38,
86,77,76,
70,47,39,
87,64,88,p
90,79,95,D
76,68,70,
39,43,41,撣낤
31,70,48,
48,53,57,
39,56,46,
61,60,53,
73,88,100,p
71,71,90,p
62,48,48,
44,58,62,
83,55,58,
58,61,55,
67,82,71,w
52,77,77,
47,62,60,
84,58,70,
51,57,45,
43,43,28,撣낤
42,53,33,
47,56,56,
31,49,35,撣낤
81,72,83,p
17,59,28,撣낤
51,65,49,
44,57,68,
8,37,18,撣낤
52,64,61,
57,89,93,p
22,46,39,撣낤
82,75,78,
80,68,67,
74,78,77,
79,47,38,
50,54,52,
49,44,50,
39,47,39,
56,40,29,撣낤
33,47,31,撣낤
56,51,49,
38,31,12,撣낤
84,77,90,p
58,45,39,
63,63,69,
51,69,54,
99,57,70,
52,85,98,p
81,64,65,
81,52,47,
62,81,95,p
21,44,23,撣낤
33,52,41,
24,53,48,撣낤
35,40,37,撣낤
41,46,31,撣낤
49,34,35,撣낤
99,65,75,
91,61,67,
61,53,50,
44,58,41,
36,46,43,
64,75,86,p
78,78,86,p
90,70,82,p
100,73,100,p
37,40,29,撣낤
72,66,73,
61,73,76,
55,54,33,
27,64,53,
79,58,60,
23,36,18,撣낤
78,68,73,
100,91,100,D
53,63,62,
50,66,46,
51,93,78,w
56,70,54,
38,47,51,
69,65,76,
100,67,90,p
60,73,83,p
43,60,62,
79,65,69,
51,54,48,
65,45,56,
43,71,70,
54,51,55,
42,55,35,
94,86,97,D
65,58,46,
56,81,76,w
64,64,54,
79,59,63,
64,64,83,p
84,72,74,
44,67,59,
53,71,71,
82,68,80,p
68,49,44,
86,83,77,
34,32,25,撣낤
82,59,74,
58,56,52,
72,69,74,
58,78,65,
58,58,62,
75,55,55,
42,38,37,撣낤
36,55,46,
91,73,66,
51,39,34,撣낤
54,59,65,
43,55,56,
82,64,68,
37,39,36,撣낤
37,59,41,
80,55,45,
64,68,88,p
37,76,58,
43,72,72,
63,66,64,
66,66,74,
78,88,99,D
100,77,100,p
45,64,40,
88,73,86,p
68,72,77,
68,59,57,
72,67,75,
61,53,54,
70,66,81,p
51,62,54,
28,66,49,
49,46,43,
73,49,68,
45,56,49,
54,81,75,
95,77,85,p
25,63,49,
70,75,62,
82,78,87,p
20,32,9,撣낤
50,50,46,
74,56,71,
45,52,44,
27,71,41,
40,52,44,
50,77,69,
23,54,32,撣낤
26,53,31,撣낤
69,74,88,p
77,68,71,
83,74,89,p
29,43,24,撣낤
47,52,51,
54,50,47,
82,70,81,p
79,66,62,
67,68,90,p
24,57,58,
41,45,31,撣낤
51,55,41,
57,55,49,
50,71,71,
61,41,48,
83,33,45,
62,70,70,
80,56,56,
45,38,37,撣낤
50,66,50,
51,54,56,
83,79,91,D
94,95,100,D
53,55,54,
57,45,42,
53,69,93,p
72,78,89,p
2,45,30,撣낤
47,55,51,
66,55,54,
70,54,63,
36,42,24,撣낤
35,56,60,
42,73,63,
54,88,90,p
59,51,30,
60,67,63,
49,55,50,
54,65,58,
29,53,53,
67,55,43,
40,48,49,
70,69,78,
47,82,65,
90,81,93,D
49,64,54,
68,59,70,
65,62,66,
91,81,82,D
48,68,47,
42,60,60,
92,50,58,
82,63,64,
39,58,44,
97,85,100,D
63,58,57,
73,64,57,
67,72,69,
74,70,83,p
95,53,65,
64,63,85,p
51,73,73,
44,50,41,
34,57,55,
85,62,65,
63,51,50,
58,59,73,
74,56,64,
27,42,26,撣낤
85,74,88,p
51,52,53,
64,50,65,
64,68,76,
61,78,77,
55,49,33,
43,54,39,
72,62,62,
82,88,92,D
65,68,60,
2,42,32,撣낤
66,80,67,
43,44,39,
67,88,90,p
57,70,70,
54,44,38,
91,83,88,D
66,82,83,p
92,57,62,
14,55,34,撣낤
43,45,36,撣낤
100,90,93,D
40,61,52,
59,30,35,撣낤
36,49,44,
67,54,62,
70,72,80,
45,43,34,撣낤
70,41,50,
54,45,25,撣낤
49,55,60,
45,43,28,撣낤
47,69,86,p
66,44,49,
42,47,40,
90,80,100,D
68,62,68,
53,66,61,
94,81,93,D
75,76,71,
77,66,65,
52,62,50,
55,85,86,p
100,71,84,p
50,56,51,
48,59,61,
48,50,45,
57,56,47,
94,73,94,p
71,63,67,
50,34,34,撣낤
59,66,71,
100,85,84,D
79,54,59,
53,73,80,
69,71,58,
88,99,100,D
50,61,55,
98,58,70,
100,84,100,D
86,69,81,p
84,81,100,D
49,52,52,
33,33,18,撣낤
57,75,70,
59,60,68,
52,47,47,
2,44,27,撣낤
61,61,66,
52,66,71,
64,80,84,p
83,79,74,
81,58,75,
78,97,95,D
7,53,34,撣낤
64,52,54,
67,42,62,
81,92,94,D
56,70,70,
92,63,90,p
37,49,33,撣낤
41,47,45,
58,31,29,撣낤
61,65,53,
89,70,85,p
75,47,49,
87,71,81,p
96,80,100,D
50,57,55,
73,76,82,p
43,67,64,
38,44,40,撣낤
43,60,65,
60,62,58,
87,63,71,
72,73,68,
100,73,100,p
63,79,79,
90,58,73,
28,80,75,
70,54,52,
43,63,58,
76,69,72,
50,56,59,
70,72,73,
30,54,39,撣낤
72,52,67,
88,48,64,
69,72,70,
43,58,54,
84,71,91,p
100,69,99,p
64,57,70,
23,47,45,撣낤
56,81,84,p
57,43,40,
70,63,77,
71,62,52,
44,66,64,
96,79,97,p
74,62,67,
57,52,42,
58,75,79,
29,39,28,撣낤
63,68,86,p
48,52,59,
55,61,56,
23,38,25,撣낤
85,64,76,
60,61,55,
52,60,57,
35,51,36,撣낤
79,73,100,p
27,37,22,撣낤
38,52,44,
56,62,63,
87,52,60,
58,39,36,
38,54,50,
9,42,16,撣낤
62,47,50,
30,32,27,撣낤
63,69,80,
54,73,72,
74,62,71,
19,33,0,撣낤
66,58,66,
70,75,90,p
41,57,43,
34,37,30,撣낤
64,84,87,p
41,66,47,
53,56,48,
81,74,93,p
84,68,71,
28,49,35,撣낤
67,56,65,
83,84,96,D
34,63,55,
53,57,52,
47,46,31,撣낤
99,76,89,p
57,80,69,
77,56,57,
38,40,33,撣낤
66,74,86,p
100,78,96,p
56,54,46,
54,61,64,
57,43,48,
64,91,100,p
46,53,38,
25,56,36,撣낤
84,73,73,
93,80,100,D
49,57,49,
91,80,87,D
69,64,80,
27,38,19,撣낤
45,33,44,
55,56,42,
42,70,74,
48,53,39,
41,34,6,撣낤
41,63,65,
65,73,75,
50,43,22,撣낤
74,35,40,
32,62,45,
83,60,62,
63,51,49,
21,20,17,撣낤
29,54,38,撣낤
100,82,100,D
34,61,44,
70,53,41,
83,70,76,
51,68,81,
52,53,43,
17,42,29,撣낤
54,55,47,
37,65,70,
55,72,62,
47,54,39,
57,43,38,
64,67,63,
58,48,38,
39,42,31,撣낤
93,84,92,D
79,72,76,
32,83,65,
70,47,60,
85,72,78,
68,66,74,
83,67,59,
70,88,87,p
36,61,60,
57,50,64,
77,43,43,
100,78,100,p
79,60,81,p
35,59,62,
59,67,73,
100,77,100,p
53,57,65,
88,77,94,p
44,54,50,
24,51,32,撣낤
88,53,60,
70,61,82,p
53,61,43,
72,59,63,
90,61,80,p
45,34,28,撣낤
64,52,50,
100,65,81,p
88,88,89,D
19,45,20,撣낤
82,67,77,
82,66,84,p
26,61,51,
72,72,70,
54,44,46,
48,52,61,
73,52,64,
55,53,52,
86,75,81,p
80,79,71,
40,47,43,
89,52,60,
32,46,41,撣낤
31,40,29,撣낤
62,65,51,
81,60,74,
51,67,73,
64,54,47,
73,52,65,
48,65,54,
44,67,56,
9,35,17,撣낤
64,57,55,
51,79,73,
65,75,73,
78,67,72,
54,52,56,
76,70,71,
78,72,81,p
48,54,45,
41,65,71,
43,66,64,
55,31,32,撣낤
71,41,40,
44,61,61,
27,55,53,
71,67,69,
68,63,59,
90,78,86,p
48,62,57,
31,48,36,撣낤
47,66,48,
68,66,80,
63,63,65,
51,33,40,
61,76,72,
53,63,55,
77,51,62,
46,53,51,
39,49,55,
43,50,38,
60,44,53,
59,50,46,
59,79,73,
35,43,43,撣낤
39,58,38,
77,63,79,
43,65,54,
15,24,16,撣낤
67,88,92,p
74,69,91,p
44,38,25,撣낤
59,63,49,
76,61,74,
89,65,87,p
63,68,67,
32,59,48,
77,83,84,D
33,60,55,
65,47,52,
40,60,60,
64,65,63,
41,60,41,
28,45,30,撣낤
34,55,28,撣낤
64,56,59,
75,77,70,
95,77,78,
79,86,88,D
51,46,43,
69,71,72,
61,56,57,
45,57,52,
90,54,74,
73,95,82,w
74,82,100,p
63,69,76,
53,65,52,
76,58,63,
55,70,62,
82,58,51,
59,63,61,
58,67,71,
47,61,74,
95,75,100,p
65,67,81,p
49,70,53,
66,66,52,
24,55,30,撣낤
53,84,95,p
77,43,47,
73,72,71,
82,77,91,p
89,84,85,D
45,27,35,撣낤
88,65,69,
54,72,74,
68,65,65,
96,80,98,D
15,46,37,撣낤
100,93,100,D
73,69,81,p
57,67,66,
49,69,54,
34,39,34,撣낤
78,58,76,
64,72,60,
45,56,54,
47,35,43,
58,51,50,
59,63,72,
69,85,98,p
65,52,59,
90,100,100,D
64,62,49,
57,50,61,
71,76,68,
31,61,35,
59,54,62,
67,81,89,p
56,66,62,
62,75,68,
75,50,49,
74,60,71,
88,52,72,
88,61,82,p
44,45,52,
35,47,46,
81,77,88,p
30,31,29,撣낤
47,65,49,
21,33,12,撣낤
52,49,42,
47,61,66,
52,60,50,
45,34,39,撣낤
70,85,100,p
54,52,61,
1,54,23,撣낤
42,66,52,
73,65,74,
68,76,87,p
62,36,15,撣낤
66,59,55,
58,77,82,p
57,60,53,
73,64,56,
74,54,57,
73,49,74,
64,53,36,
42,65,69,
79,48,73,
41,43,40,
61,65,67,
67,53,50,
56,58,48,
65,74,89,p
57,46,40,
67,50,51,
65,58,59,
61,67,73,
52,53,50,
72,71,69,
40,61,44,
60,48,39,
55,58,45,
86,45,55,
52,73,72,
55,76,57,
40,59,49,
44,51,54,
79,83,82,D
73,60,79,
60,54,52,
61,47,54,
38,68,68,
56,41,50,
69,72,73,
84,93,94,D
78,74,70,
53,76,75,
50,64,62,
63,93,88,p
57,53,33,
61,59,61,
32,82,72,
74,75,86,p
78,66,62,
71,53,43,
38,45,39,撣낤
10,40,11,撣낤
74,77,91,p
28,41,28,撣낤
68,45,38,
61,66,73,
42,43,43,
22,28,13,撣낤
40,56,48,
16,70,58,
75,67,82,p
66,79,86,p
59,50,47,
44,67,50,
53,55,46,
87,65,75,
44,56,45,
41,52,65,
49,58,48,
53,77,70,
78,69,63,
58,57,47,
87,65,80,p
82,60,63,
62,58,64,
58,39,38,
100,67,80,p
84,64,71,
45,52,55,
51,70,76,
57,65,62,
85,61,66,
79,67,80,p
54,60,47,
88,43,54,
65,64,64,
49,52,64,
49,72,61,
74,69,76,
62,73,66,
66,66,59,
41,42,27,撣낤
45,85,83,p
80,71,71,
95,69,86,p
30,44,42,撣낤
78,73,87,p
55,58,41,
65,63,64,
74,79,84,p
55,49,53,
11,83,57,
40,64,61,
63,77,75,
74,59,72,
43,59,44,
65,55,65,
61,77,78,
45,75,71,
40,36,23,撣낤
29,46,16,撣낤
35,43,26,撣낤
64,51,61,
73,49,54,
39,49,41,
90,51,53,
45,56,52,
87,74,90,p
95,83,81,D
51,59,59,
61,50,55,
73,77,79,
100,62,55,
88,61,61,
93,53,71,
67,60,53,
80,66,81,p
58,50,77,
72,58,58,
55,36,25,撣낤
73,55,56,
58,57,56,
62,51,52,
57,72,81,
60,64,70,
69,67,74,
64,42,57,
70,67,66,
82,48,55,
54,57,60,
26,43,27,撣낤
53,42,28,撣낤
46,53,54,
65,52,45,
83,83,93,D
66,41,45,
54,49,45,
51,71,60,
23,57,51,
77,61,75,
71,62,47,
75,78,78,
71,56,71,
22,42,28,撣낤
70,44,49,
98,76,79,
49,49,42,
52,49,54,
56,66,65,
81,88,100,D
47,60,53,
55,46,52,
82,94,98,D
71,48,35,
100,83,87,D
61,72,66,
70,77,80,
44,50,52,
52,58,45,
20,53,43,撣낤
33,59,46,
34,38,31,撣낤
94,76,88,p
38,58,41,
60,56,60,
68,56,58,
67,72,81,p
19,55,37,撣낤
9,40,10,撣낤
39,60,52,
85,84,80,D
76,71,77,
47,57,51,
68,65,55,
58,49,45,
16,47,50,撣낤
50,37,43,
47,62,49,
82,54,51,
48,47,32,
57,69,70,
60,79,86,p
40,40,33,撣낤
70,76,67,
54,72,70,
37,45,43,
88,87,90,D
60,62,69,
97,76,99,p
74,45,56,
74,55,48,
54,68,62,
44,56,52,
69,53,40,
65,64,48,
100,64,79,
79,62,62,
69,83,93,p
96,68,87,p
54,54,45,
75,82,82,p
80,69,92,p
50,54,41,
100,81,100,D
77,48,63,
69,48,53,
63,47,53,
60,45,52,
74,81,81,w
55,73,76,
51,70,69,
83,97,100,D
60,81,82,p
79,74,81,p
69,62,72,
60,58,67,
49,89,95,p
53,53,43,
59,55,63,
36,52,50,
31,58,37,
77,61,70,
74,72,92,p
67,71,73,
67,62,56,
62,51,56,
43,60,48,
73,68,65,
43,58,49,
54,54,54,
64,73,79,
92,78,100,p
88,45,59,
57,69,54,
34,51,46,
22,28,12,撣낤
88,79,85,p
76,56,73,
81,63,67,
65,68,80,
49,47,36,
60,45,47,
84,53,59,
60,82,77,w
56,61,56,
83,77,84,p
64,67,70,
65,50,49,
60,69,66,
51,55,53,
61,82,78,w
56,83,83,p
35,36,27,撣낤
49,65,53,
46,49,38,
75,48,58,
79,68,74,
51,62,54,
28,29,23,撣낤
55,71,73,
49,80,68,
39,50,48,
44,73,57,
87,80,91,D
30,50,27,撣낤
76,54,49,
49,49,61,
68,69,65,
75,64,77,
80,90,95,D
62,53,45,
26,54,41,撣낤
71,62,81,p
76,56,52,
46,39,39,
58,67,63,
56,50,37,
81,75,61,
53,77,64,
86,63,62,
62,71,68,
68,60,61,
53,51,48,
51,53,46,
55,55,60,
83,75,75,
38,48,35,撣낤
44,41,45,
85,46,67,
61,59,59,
36,50,48,
54,55,40,
38,55,27,撣낤
52,53,49,
41,65,57,
35,49,39,撣낤
48,84,92,p
76,60,67,
29,60,35,撣낤
40,53,44,
53,68,59,
62,46,54,
81,54,74,
80,61,48,
69,73,75,
72,57,69,
36,61,59,
89,75,84,p
55,47,47,
100,74,90,p
100,77,100,p
30,52,39,撣낤
81,61,75,
94,75,78,
40,92,79,w
66,64,77,
66,70,81,p
74,60,63,
47,59,51,
70,88,87,p
33,64,52,
50,48,51,
13,24,5,撣낤
51,49,37,
38,50,44,
38,76,59,
60,83,74,w
36,60,47,
72,78,91,p
43,68,46,
45,33,41,撣낤
48,58,50,
70,51,45,
69,67,72,
35,27,12,撣낤
75,63,67,
76,57,61,
49,58,59,
88,87,97,D
66,41,51,
27,43,33,撣낤
88,56,62,
24,46,24,撣낤
50,57,46,
78,60,61,
77,54,78,
38,62,59,
81,76,79,
62,44,41,
54,67,62,
83,60,57,
43,54,56,
54,49,28,
69,65,68,
19,38,13,撣낤
66,61,77,
57,52,54,
51,79,58,
60,58,64,
44,57,40,
98,73,81,p
45,63,44,
88,75,89,p
42,50,54,
47,52,40,
82,75,80,p
70,48,61,
57,53,45,
83,65,90,p
46,50,24,撣낤
83,69,68,
51,68,71,
68,61,61,
62,43,55,
51,68,56,
67,53,55,
94,57,69,
36,67,61,
58,60,42,
33,68,45,
72,60,74,
44,54,49,
46,50,36,
67,70,80,
36,76,53,
81,53,51,
35,68,50,
90,55,78,
68,63,75,
37,59,53,
27,37,31,撣낤
64,64,63,
98,50,68,
72,83,86,p
87,82,97,D
76,75,98,p
70,61,63,
10,62,45,撣낤
30,48,42,撣낤
9,36,21,撣낤
49,61,47,
58,45,44,
67,74,83,p
46,60,58,
23,48,40,撣낤
60,72,68,
58,43,36,
89,59,60,
74,45,43,
72,48,60,
68,79,83,p
48,77,70,
72,54,62,
28,67,50,
31,37,23,撣낤
77,69,76,
65,56,54,
62,74,71,
64,57,76,
59,70,74,
71,43,51,
38,60,40,
72,42,47,
51,46,44,
34,67,58,
47,39,35,撣낤
65,82,86,p
36,39,26,撣낤
64,54,53,
67,57,60,
100,57,79,
43,43,32,撣낤
45,59,48,
44,57,52,
44,45,46,
61,69,75,
57,58,65,
57,83,91,p
99,97,99,D
76,83,98,p
52,58,63,
81,42,56,
96,72,87,p
62,58,59,
47,67,61,
24,60,52,
40,61,39,
42,66,56,
67,77,69,
62,67,67,
18,84,51,
46,69,76,
73,78,74,
69,68,72,
87,53,51,
57,45,55,
44,52,49,
50,59,42,
64,56,58,
56,45,38,
50,49,55,
42,48,34,撣낤
100,69,76,
37,56,52,
55,74,75,
54,75,80,
56,56,58,
41,36,20,撣낤
11,39,35,撣낤
62,66,66,
83,73,87,p
36,48,35,撣낤
80,86,91,D
31,60,50,
25,54,29,撣낤
60,49,34,
75,59,68,
70,67,68,
50,45,59,
71,69,73,
78,49,65,
65,47,58,
62,83,90,p
46,65,60,
100,62,77,
22,55,48,撣낤
84,62,60,
72,73,75,
46,57,48,
58,51,56,
59,50,51,
70,75,78,
61,50,54,
88,81,96,D
25,73,59,
39,67,74,
44,68,52,
48,59,50,
75,61,57,
37,47,44,
55,52,51,
49,61,60,
62,49,52,
75,62,75,
55,46,53,
35,31,22,撣낤
37,48,29,撣낤
59,62,61,
57,68,65,
23,33,26,撣낤
69,72,80,
28,77,67,
29,53,30,撣낤
32,41,30,撣낤
64,68,64,
56,58,66,
100,63,92,p
56,50,39,
47,21,32,撣낤
71,75,71,
54,73,92,p
46,43,63,
52,61,51,
45,29,37,撣낤
26,55,34,撣낤
43,60,66,
62,45,38,
86,77,100,p
53,60,69,
47,77,74,
67,93,79,w
18,30,4,撣낤
52,41,38,
85,65,67,
53,58,66,
54,62,67,
64,66,76,
67,59,68,
93,59,82,p
62,47,46,
55,50,51,
30,36,5,撣낤
90,45,54,
70,84,95,p
59,65,64,
52,56,59,
72,67,81,p
55,57,51,
48,39,28,撣낤
67,62,62,
20,58,43,撣낤
54,62,50,
70,78,86,p
78,52,63,
76,75,82,p
43,37,33,撣낤
72,65,81,p
68,65,68,
94,62,79,
41,45,47,
67,54,63,
19,44,20,撣낤
63,63,56,
52,59,56,
64,71,72,
46,45,12,撣낤
90,65,81,p
55,62,65,
75,62,82,p
69,59,63,
100,78,96,p
37,43,42,撣낤
87,79,92,D
60,41,27,撣낤
41,37,27,撣낤
49,69,56,
60,65,76,
75,86,97,p
56,41,49,
68,71,78,
100,69,91,p
59,48,44,
44,61,52,
71,62,83,p
72,62,68,
31,23,19,撣낤
39,67,37,
45,48,35,
100,91,94,D
52,54,62,
40,64,54,
55,73,73,
53,81,75,
63,58,67,
45,45,37,
62,64,58,
68,65,67,
100,59,80,p
56,66,80,
92,89,100,D
77,88,98,p
51,75,69,
93,81,86,D
71,74,84,p
79,75,90,p
33,64,54,
73,64,63,
41,47,48,
42,58,58,
34,60,44,
44,69,57,
25,27,32,撣낤
53,40,33,
49,69,62,
67,56,54,
61,54,58,
78,69,83,p
74,68,55,
74,77,75,
68,52,45,
56,39,48,
62,87,77,w
75,76,76,
28,48,37,撣낤
53,57,60,
64,50,47,
63,66,63,
90,56,73,
87,84,84,D
85,69,75,
67,59,72,
70,57,55,
49,54,49,
68,68,58,
96,68,83,p
70,71,72,
65,65,78,
52,57,56,
64,73,66,
98,65,76,
61,68,72,
53,63,63,
100,77,100,p
65,71,84,p
74,53,62,
84,61,80,p
84,54,56,
56,58,51,
55,73,64,
50,60,58,
25,40,13,撣낤
99,72,95,p
77,49,63,
20,36,27,撣낤
42,54,56,
42,69,73,
84,75,79,
46,48,27,撣낤
83,59,73,
19,52,34,撣낤
56,81,79,w
70,67,82,p
62,57,51,
26,48,41,撣낤
55,47,52,
57,81,90,p
85,44,46,
32,59,54,
92,74,91,p
63,65,70,
66,62,75,
45,51,33,
44,45,51,
46,58,57,
62,67,60,
56,45,64,
70,80,77,w
11,47,18,撣낤
54,57,51,
67,65,55,
49,55,59,
65,52,55,
67,69,77,
62,54,57,
57,75,70,
63,47,48,
59,70,61,
84,52,64,
56,73,62,
46,40,35,撣낤
56,62,53,
52,39,46,
74,75,90,p
69,60,60,
19,55,32,撣낤
67,67,71,
65,46,40,
76,61,72,
100,83,100,D
39,49,35,撣낤
33,75,50,
48,39,39,
37,54,39,
86,63,68,
32,48,51,
80,48,63,
72,84,77,w
47,44,38,
46,67,63,
41,61,50,
61,71,68,
71,61,65,
64,75,75,
76,54,53,
86,36,53,
56,56,38,
68,51,62,
40,68,69,
41,24,17,撣낤
83,59,69,
43,41,43,
25,68,48,
61,75,62,
42,77,54,
71,76,70,
74,69,57,
100,76,100,p
74,56,74,
81,77,79,
50,41,46,
42,65,59,
68,72,85,p
50,45,38,
100,67,78,
66,58,70,
40,52,37,
63,55,58,
56,67,67,
61,69,82,p
38,34,44,撣낤
62,49,48,
52,62,57,
48,62,38,
53,51,49,
37,57,36,
75,72,72,
2,60,37,撣낤
91,82,100,D
46,45,45,
51,55,60,
43,50,33,
44,56,56,
87,79,81,p
81,72,82,p
66,77,80,
56,69,64,
72,59,71,
42,63,73,
61,65,63,
44,55,44,
86,67,72,
60,66,66,
72,71,78,
70,57,64,
62,56,44,
80,33,50,
75,61,73,
94,70,85,p
87,73,92,p
55,56,57,
84,51,63,
52,72,62,
62,52,61,
52,52,48,
25,54,27,撣낤
67,61,62,
50,46,56,
84,51,67,
84,62,67,
50,61,64,
30,66,59,
52,72,65,
51,30,43,
51,42,37,
100,90,96,D
60,48,52,
72,70,82,p
66,52,46,
80,68,74,
99,92,100,D
50,60,48,
72,75,87,p
95,81,90,D
73,52,73,
69,70,65,
51,77,45,
86,64,68,
72,81,76,w
71,67,81,p
55,64,44,
71,70,80,
41,69,40,
39,43,43,
76,47,50,
87,68,70,
68,40,45,
63,48,58,
64,58,63,
47,70,53,
76,80,83,p
42,62,53,
100,89,100,D
74,50,47,
78,80,75,w
54,60,61,
44,63,45,
63,72,69,
75,49,59,
93,52,68,
40,56,47,
61,72,77,
72,58,73,
48,44,38,
71,60,65,
51,84,77,w
56,50,30,
41,55,47,
71,77,60,
72,86,95,p
49,39,12,撣낤
54,36,30,撣낤
79,62,71,
56,51,53,
68,56,70,
84,79,100,D
41,37,52,
76,73,84,p
79,40,39,
92,62,60,
67,46,60,
17,56,45,撣낤
58,52,51,
68,72,90,p
20,54,47,撣낤
50,46,34,
96,50,63,
79,70,77,
47,66,63,
60,48,45,
61,74,71,
42,55,49,
87,81,89,D
60,58,46,
37,36,24,撣낤
78,70,90,p
79,70,63,
5,32,10,撣낤
67,46,41,
69,52,54,
72,72,82,p
18,45,25,撣낤
58,53,47,
41,71,66,
82,54,77,
80,58,69,
34,46,48,
25,58,47,
65,75,81,p
65,47,38,
48,45,27,撣낤
83,55,82,p
52,56,61,
90,63,62,
47,43,24,撣낤
50,64,53,
83,74,80,p
49,63,74,
61,75,71,
48,63,73,
67,61,59,
100,72,77,
96,69,82,p
82,73,81,p
65,30,47,
87,57,70,
65,69,75,
69,64,70,
78,75,65,
36,63,61,
59,47,44,
25,46,29,撣낤
49,54,62,
75,51,51,
60,60,57,
39,67,50,
59,66,56,
44,64,36,
53,56,51,
80,62,82,p
53,66,65,
35,59,46,
58,74,64,
45,51,47,
43,34,18,撣낤
76,61,76,
48,80,71,
98,77,93,p
45,64,68,
24,39,36,撣낤
61,70,77,
59,48,40,
53,55,61,
56,46,55,
67,72,81,p
75,39,30,
81,36,56,
42,56,45,
66,61,62,
100,93,100,D
29,48,35,撣낤
34,45,42,撣낤
25,34,19,撣낤
50,53,47,
61,37,51,
97,56,83,p
65,64,65,
53,56,61,
77,72,89,p
58,47,46,
76,66,68,
66,50,43,
44,58,42,
85,61,71,
87,75,87,p
30,65,55,
82,87,92,D
70,73,71,
63,71,78,
39,57,44,
55,40,22,撣낤
70,37,42,
45,33,32,撣낤
84,80,88,D
30,67,50,
74,65,57,
84,68,93,p
50,70,39,
90,83,89,D
70,62,66,
73,68,65,
65,67,68,
53,53,51,
52,59,44,
57,61,71,
25,47,38,撣낤
30,32,24,撣낤
61,66,64,
73,66,60,
63,36,37,
18,50,20,撣낤
57,67,58,
72,63,65,
46,50,48,
64,72,77,
76,46,42,
100,67,73,
50,58,51,
47,43,43,
63,75,86,p
49,64,66,
68,48,52,
51,68,48,
55,49,53,
51,57,60,
48,42,46,
68,87,91,p
51,76,64,
58,73,75,
22,44,15,撣낤
76,66,83,p
64,73,57,
62,49,46,
66,63,65,
36,59,45,
42,66,64,
73,70,88,p
27,39,14,撣낤
52,60,35,
74,52,53,
34,76,61,
80,54,65,
65,79,95,p
23,45,32,撣낤
54,60,67,
48,53,38,
51,61,72,
56,51,51,
44,60,65,
95,92,88,D
69,65,59,
31,37,34,撣낤
76,45,41,
62,46,52,
43,44,46,
44,49,48,
47,71,46,
73,50,39,
59,69,70,
61,83,82,p
35,44,53,
67,63,60,
72,57,68,
60,59,50,
60,63,64,
38,45,40,撣낤
59,42,54,
72,75,75,
63,66,64,
93,100,100,D
93,72,83,p
29,51,33,撣낤
18,26,20,撣낤
56,47,48,
85,63,72,
36,58,58,
100,64,63,
21,59,50,
27,53,33,撣낤
65,56,59,
51,76,83,p
81,49,49,
88,39,47,
51,51,57,
60,73,64,
52,75,73,
37,52,41,
58,52,54,
37,64,50,
35,44,51,
51,56,59,
51,65,69,
84,60,78,
92,89,99,D
49,21,22,撣낤
71,54,53,
91,73,97,p
63,68,46,
27,52,38,撣낤
83,61,72,
61,58,64,
62,80,70,
56,57,54,
100,77,93,p
99,62,74,
45,70,68,
54,50,61,
43,69,54,
82,71,83,p
59,63,75,
59,37,30,撣낤
94,75,94,p
77,70,78,
84,53,54,
86,83,100,D
38,56,38,
80,47,54,
68,62,74,
53,59,55,
58,42,29,
51,56,70,
49,42,40,
73,61,60,
70,71,74,
31,36,28,撣낤
71,92,100,p
80,80,90,D
39,66,44,
76,71,74,
39,52,38,
55,59,62,
40,85,65,w
67,77,95,p
53,39,23,撣낤
59,61,54,
80,64,60,
97,73,96,p
67,45,66,
80,74,74,
83,53,62,
27,64,58,
58,62,62,
78,81,88,D
88,78,100,p
73,57,72,
28,32,23,撣낤
60,76,78,
24,57,30,撣낤
31,34,26,撣낤
70,69,84,p
64,70,72,
42,65,49,
65,64,58,
74,45,44,
91,72,73,
61,48,63,
56,65,74,
40,65,65,
51,55,46,
44,72,72,
56,40,26,撣낤
34,74,63,
63,70,76,
72,67,60,
49,58,49,
62,56,52,
64,70,76,
66,66,66,
55,84,84,p
67,59,68,
34,47,28,撣낤
49,37,34,撣낤
29,59,45,
34,67,57,
36,52,28,撣낤
73,75,81,p
53,54,53,
55,42,48,
77,68,86,p
63,54,57,
57,41,32,
57,54,48,
35,34,33,撣낤
54,74,68,
57,75,70,
99,76,94,p
74,57,60,
54,60,66,
38,54,47,
71,53,66,
50,46,41,
88,85,92,D
58,36,36,
59,68,60,
43,56,61,
81,62,58,
91,80,86,D
31,45,30,撣낤
56,73,72,
63,70,65,
78,60,77,
54,36,31,撣낤
67,84,100,p
74,64,66,
73,51,49,
45,56,44,
67,59,47,
7,61,39,撣낤
81,55,62,
75,62,64,
96,62,87,p
60,44,37,
100,76,94,p
42,53,64,
64,64,68,
100,96,100,D
19,41,24,撣낤
56,50,36,
88,86,100,D
47,67,55,
87,58,61,
37,38,29,撣낤
55,56,62,
35,39,21,撣낤
44,44,49,
77,65,91,p
73,56,64,
74,61,73,
55,69,71,
43,44,25,撣낤
64,56,40,
66,49,59,
90,43,55,
47,51,33,
62,81,77,w
78,81,86,D
85,67,74,
17,62,37,撣낤
69,66,67,
89,66,71,
48,58,65,
100,74,87,p
94,68,80,p
100,58,77,
67,75,76,
28,33,13,撣낤
56,70,63,
85,69,75,
64,72,65,
76,55,63,
80,70,79,
43,42,33,撣낤
40,60,67,
42,66,73,
46,66,60,
70,33,36,
75,58,50,
57,73,89,p
75,45,71,
59,80,84,p
45,63,44,
83,59,58,
99,76,96,p
91,70,100,p
81,67,97,p
61,65,65,
62,79,82,p
50,83,77,w
64,63,62,
80,52,67,
80,47,50,
55,57,48,
40,67,63,
74,68,85,p
97,65,68,
65,72,61,
66,63,64,
59,44,62,
77,64,85,p
65,48,46,
76,60,49,
74,58,67,
78,54,69,
80,72,100,p
75,67,68,
48,44,39,
57,52,48,
36,47,42,
64,89,78,w
69,25,31,撣낤
68,73,75,
81,77,89,p
46,60,55,
80,53,69,
90,53,51,
80,58,58,
76,57,61,
33,40,46,撣낤
56,81,87,p
65,65,58,
57,55,42,
63,75,75,
44,41,33,撣낤
27,43,37,撣낤
75,66,95,p
28,40,26,撣낤
61,73,84,p
76,73,76,
54,75,61,
85,75,90,p
74,40,46,
80,71,99,p
82,70,70,
61,77,65,
68,52,62,
77,46,57,
71,80,79,w
52,57,37,
64,35,38,
67,68,71,
77,68,78,
56,71,68,
49,47,35,
69,87,92,p
58,56,36,
40,54,47,
39,59,58,
23,43,26,撣낤
77,59,70,
68,64,59,
53,59,56,
43,66,71,
79,76,78,
96,80,95,D
52,56,34,
40,62,49,
77,62,79,
51,51,38,
59,87,87,p
79,53,63,
45,57,52,
69,52,50,
52,70,68,
50,35,38,撣낤
86,53,58,
47,64,56,
75,67,64,
64,47,35,
43,51,47,
49,56,47,
10,40,15,撣낤
89,75,76,
80,86,89,D
51,40,55,
45,57,51,
58,46,49,
51,50,35,
44,60,52,
54,58,49,
61,57,64,
75,66,86,p
44,46,27,撣낤
22,44,29,撣낤
56,54,79,
60,35,21,撣낤
70,72,69,
69,54,62,
71,59,66,
22,49,24,撣낤
55,64,55,
61,68,64,
57,65,83,p
51,49,46,
85,48,60,
64,57,72,
78,52,61,
92,73,72,
59,72,62,
62,54,44,
65,77,81,p
60,60,46,
76,64,73,
49,47,49,
70,53,54,
46,44,30,撣낤
74,49,40,
62,72,75,
90,75,100,p
73,72,76,
65,53,59,
63,58,70,
65,57,64,
77,66,68,
67,53,59,
39,57,53,
51,85,76,w
49,51,38,
68,73,72,
12,60,27,撣낤
57,76,76,
53,63,60,
73,55,71,
74,67,87,p
99,62,99,p
32,45,22,撣낤
77,65,66,
49,68,65,
43,69,63,
99,69,89,p
54,49,36,
37,78,55,
68,62,82,p
63,58,58,
82,53,58,
53,74,68,
51,37,30,撣낤
74,61,74,
52,74,59,
45,51,42,
53,69,68,
77,64,64,
73,68,68,
55,58,43,
49,47,29,撣낤
33,51,34,撣낤
50,35,26,撣낤
67,70,81,p
72,73,73,
67,69,67,
70,64,77,
45,46,42,
88,58,74,
76,86,92,p
48,39,31,撣낤
35,74,69,
75,50,63,
52,54,49,
33,38,31,撣낤
60,42,49,
46,46,52,
80,83,97,D
49,59,51,
28,39,32,撣낤
54,73,70,
29,55,40,撣낤
26,38,15,撣낤
56,47,55,
37,48,27,撣낤
93,82,100,D
58,47,45,
87,81,97,D
99,84,88,D
48,39,43,
16,50,33,撣낤
62,55,55,
65,75,78,
54,57,52,
96,66,67,
100,90,100,D
38,42,22,撣낤
59,70,66,
54,63,52,
60,72,60,
41,51,35,
61,86,74,w
62,50,51,
62,48,42,
51,41,10,撣낤
53,53,54,
85,75,94,p
80,57,58,
60,49,39,
100,46,57,
29,57,41,
52,58,55,
56,36,24,撣낤
75,67,73,
49,65,67,
31,36,13,撣낤
100,72,80,p
85,65,83,p
74,74,79,
19,71,55,
100,94,100,D
83,55,69,
61,72,82,p
24,37,37,撣낤
46,64,48,
100,91,97,D
36,58,53,
34,52,43,
91,69,81,p
59,60,52,
61,58,65,
78,47,61,
66,50,57,
79,80,67,
49,73,63,
79,76,94,p
65,48,49,
22,34,14,撣낤
33,63,53,
56,68,81,
86,71,81,p
37,46,40,撣낤
58,49,50,
57,52,48,
79,52,58,
46,77,63,
35,52,35,撣낤
33,53,41,
58,64,60,
33,38,28,撣낤
99,83,100,D
48,49,53,
88,72,89,p
40,53,52,
79,52,66,
80,78,100,p
66,78,72,
64,70,61,
45,48,45,
51,67,40,
87,67,74,
70,61,72,
43,57,47,
99,72,100,p
87,70,81,p
77,84,95,p
34,51,57,
31,52,33,撣낤
58,53,53,
40,51,45,
44,79,61,
45,58,54,
57,61,70,
16,48,21,撣낤
37,48,56,
43,51,50,
49,54,53,
88,64,64,
67,56,74,
70,85,91,p
50,73,81,
73,64,58,
14,40,25,撣낤
66,68,80,
100,68,84,p
65,81,75,w
58,50,51,
74,65,80,
75,54,59,
61,62,50,
68,76,81,p
56,56,52,
75,72,68,
32,67,65,
50,49,44,
81,64,62,
97,79,81,p
34,52,48,
83,96,100,D
41,50,49,
41,56,57,
58,54,45,
52,69,59,
44,66,63,
73,62,59,
94,57,66,
73,49,59,
56,64,72,
61,58,62,
57,41,47,
64,56,51,
86,73,94,p
45,64,51,
45,54,48,
100,67,89,p
58,56,55,
68,73,72,
39,63,73,
49,62,49,
65,100,100,p
42,75,74,
47,77,77,
36,55,54,
55,48,58,
80,57,69,
65,63,49,
100,62,64,
35,46,48,
44,70,61,
54,49,50,
60,82,73,w
67,37,44,
53,76,73,
30,64,56,
61,54,55,
37,43,24,撣낤
44,71,66,
98,42,60,
66,65,73,
60,68,58,
94,59,76,
56,43,32,
62,49,57,
68,63,70,
58,69,64,
0,53,20,撣낤
56,69,73,
58,75,62,
80,84,94,D
75,44,51,
100,67,100,p
74,76,85,p
11,61,36,撣낤
71,70,68,
72,53,72,
58,64,70,
70,52,45,
53,56,52,
35,49,36,撣낤
72,69,90,p
51,47,42,
70,63,66,
44,64,66,
35,56,46,
52,49,44,
46,65,50,
44,60,59,
42,45,40,
64,63,77,
80,75,71,
56,81,69,
73,78,69,
48,53,43,
60,44,48,
52,51,41,
79,80,77,
55,60,64,
43,47,43,
57,68,69,
88,57,76,
71,50,65,
53,70,57,
63,60,62,
69,72,70,
25,34,4,撣낤
100,85,100,D
57,63,55,
24,62,44,
48,55,50,
76,60,65,
58,68,60,
65,61,52,
60,53,47,
87,78,84,p
77,61,60,
52,33,28,撣낤
38,38,27,撣낤
86,74,67,
80,51,65,
74,53,55,
70,55,41,
82,56,50,
86,73,87,p
54,64,66,
86,93,90,D
61,73,70,
46,63,64,
95,96,100,D
50,75,58,
77,54,85,p
55,61,63,
76,49,48,
62,43,49,
47,68,59,
67,48,44,
83,54,64,
58,43,47,
55,72,65,
48,62,54,
57,44,27,撣낤
82,56,68,
55,53,49,
55,60,60,
60,61,70,
34,39,21,撣낤
99,81,92,D
67,72,63,
64,65,68,
31,68,63,
62,64,67,
23,65,53,
47,49,43,
98,47,51,
74,80,97,p
63,41,41,
59,53,41,
32,46,41,撣낤
92,78,93,p
88,72,85,p
19,58,44,撣낤
83,71,83,p
84,51,63,
79,93,100,D
59,64,61,
3,58,31,撣낤
66,52,50,
87,64,70,
14,48,29,撣낤
25,47,34,撣낤
79,69,90,p
69,57,67,
75,53,59,
85,62,55,
67,56,58,
77,65,67,
80,43,41,
60,70,61,
45,70,64,
92,61,100,p
49,73,60,
46,47,54,
39,41,38,撣낤
62,58,57,
37,37,37,撣낤
47,48,41,
63,59,63,
35,60,57,
34,60,54,
74,73,83,p
64,46,47,
100,62,66,
60,43,54,
92,60,79,
62,53,61,
53,63,84,p
43,57,39,
48,76,75,
34,57,48,
61,69,65,
84,60,68,
31,46,32,撣낤
66,61,56,
51,36,30,撣낤
79,69,84,p
68,55,62,
91,70,91,p
56,43,45,
46,87,90,p
77,59,64,
35,56,29,撣낤
48,75,65,
60,60,67,
62,53,49,
94,83,99,D
86,69,72,
92,54,76,
48,53,38,
59,43,29,
31,45,40,撣낤
94,62,71,
98,73,86,p
74,79,80,w
69,67,73,
56,45,44,
54,54,40,
76,56,65,
41,29,21,撣낤
73,82,92,p
47,58,49,
87,85,88,D
58,64,50,
63,72,77,
70,49,44,
38,76,68,
46,55,63,
44,71,61,
89,94,100,D
58,56,57,
34,42,56,
22,43,22,撣낤
57,50,50,
59,52,59,
100,72,90,p
81,64,57,
70,62,70,
35,41,25,撣낤
62,55,65,
78,49,62,
71,61,54,
62,66,69,
58,51,50,
75,46,41,
25,44,34,撣낤
64,55,60,
76,45,63,
53,51,43,
44,55,54,
74,74,90,p
76,59,58,
24,32,20,撣낤
44,34,36,撣낤
55,49,65,
100,78,100,p
89,75,94,p
43,71,73,
27,46,44,撣낤
55,50,48,
66,74,78,
85,76,86,p
77,43,61,
100,72,73,
41,55,40,
39,46,40,
32,59,46,
77,61,66,
36,60,47,
64,77,82,p
46,49,38,
65,64,62,
55,52,40,
37,66,47,
100,81,88,D
34,33,13,撣낤
72,57,75,
65,74,73,
80,62,73,
85,64,61,
64,48,46,
64,88,100,p
70,68,69,
54,70,63,
45,55,47,
58,48,52,
85,80,92,D
66,66,56,
81,68,79,
76,63,72,
28,29,17,撣낤
7,39,17,撣낤
67,45,42,
37,55,50,
0,58,41,撣낤
84,45,53,
77,52,59,
52,78,78,
48,66,65,
90,68,93,p
73,50,64,
74,42,59,
93,62,87,p
5,47,21,撣낤
76,66,82,p
30,40,36,撣낤
80,86,89,D
94,64,89,p
99,72,96,p
45,61,53,
91,62,79,
78,42,56,
43,65,73,
88,69,57,
51,73,53,
82,99,100,D
97,79,86,p
67,60,72,
74,61,81,p
49,39,33,撣낤
82,65,68,
64,69,77,
77,71,89,p
92,76,90,p
59,54,49,
60,40,40,
58,51,59,
55,48,47,
51,53,45,
80,54,72,
65,44,37,
64,49,43,
82,61,72,
65,66,65,
67,90,94,p
62,57,56,
76,83,82,w
85,70,75,
68,68,79,
26,57,31,撣낤
49,38,33,撣낤
67,59,60,
25,62,45,
61,71,76,
63,70,79,
49,76,57,
38,69,64,
69,64,70,
90,64,67,
63,70,62,
76,71,58,
73,54,61,
29,58,48,
53,76,65,
21,39,26,撣낤
88,65,87,p
34,47,43,
50,55,64,
0,8,0,撣낤
48,77,82,p
40,42,20,撣낤
86,68,71,
49,55,52,
92,79,78,
59,45,47,
93,57,63,
41,64,40,
62,81,92,p
28,42,36,撣낤
55,47,53,
61,66,58,
56,58,50,
36,61,50,
73,78,80,
31,30,28,撣낤
46,71,56,
79,45,44,
100,78,90,p
61,88,84,p
63,69,70,
42,42,38,撣낤
69,65,59,
78,78,91,p
31,48,35,撣낤
76,78,74,
63,64,63,
71,38,55,
47,74,68,
100,76,100,p
48,51,36,
79,71,76,
67,57,59,
35,71,52,
85,76,78,
64,48,47,
69,61,54,
63,50,45,
70,48,44,
42,69,58,
48,56,53,
36,58,39,
59,59,70,
44,57,47,
28,37,29,撣낤
37,79,71,
54,55,33,
65,49,47,
65,46,36,
20,28,9,撣낤
77,71,57,
78,77,83,p
48,68,61,
51,63,57,
70,59,61,
42,41,37,撣낤
50,51,44,
55,72,69,
56,72,70,
46,43,31,撣낤
84,71,84,p
87,100,100,D
79,67,72,
37,48,38,撣낤
43,36,39,撣낤
59,31,33,撣낤
69,60,35,
49,41,58,
65,72,70,
58,46,57,
48,54,53,
78,33,50,
38,63,45,
74,66,67,
51,65,52,
56,64,82,p
49,53,48,
58,57,42,
78,87,91,D
41,31,35,撣낤
57,57,46,
35,64,52,
70,68,80,
85,74,100,p
14,31,15,撣낤
87,65,73,
61,54,51,
53,61,61,
77,74,76,
51,79,80,
83,56,60,
100,74,95,p
47,53,55,
70,67,59,
68,65,63,
64,44,39,
77,77,90,p
100,83,100,D
55,59,59,
34,38,38,撣낤
28,51,46,
56,43,34,
35,49,51,
100,58,82,p
23,41,18,撣낤
46,60,66,
85,82,93,D
57,40,38,
78,79,85,p
91,77,82,p
39,73,63,
81,60,71,
65,49,45,
77,71,75,
93,67,96,p
64,73,74,
90,65,68,
47,45,29,撣낤
61,64,61,
84,70,70,
57,61,47,
27,48,35,撣낤
57,50,34,
40,48,24,撣낤
25,44,42,撣낤
59,71,72,
92,80,90,D
57,66,60,
76,64,79,
100,82,98,D
74,59,70,
73,66,73,
60,42,44,
84,48,55,
64,77,67,
28,62,44,
81,52,70,
84,84,96,D
43,46,49,
58,44,45,
25,37,16,撣낤
57,70,82,p
76,59,63,
70,54,67,
32,62,50,
79,74,74,
76,71,77,
44,51,50,
47,41,31,撣낤
57,62,65,
42,51,40,
36,58,48,
68,49,58,
37,59,38,
60,75,83,p
53,51,33,
97,72,87,p
40,41,36,撣낤
17,24,0,撣낤
63,78,52,
80,60,71,
93,58,72,
47,49,58,
93,62,81,p
48,58,66,
55,67,80,
61,51,48,
80,50,45,
76,77,71,
49,48,38,
49,58,40,
73,68,79,
90,71,64,
68,68,63,
57,41,47,
76,66,78,
74,66,78,
75,37,49,
62,39,44,
70,55,61,
78,74,90,p
54,56,69,
80,61,73,
36,54,38,
60,55,45,
65,53,50,
62,82,74,w
95,78,93,p
27,44,33,撣낤
53,59,51,
2,58,44,撣낤
45,29,36,撣낤
57,60,51,
89,88,92,D
57,87,75,w
85,63,78,
73,67,66,
51,54,49,
59,67,64,
39,78,67,
55,66,58,
75,79,97,p
40,87,75,w
79,73,76,
57,43,54,
53,67,53,
57,75,64,
42,49,42,
41,67,52,
52,74,80,
63,37,51,
73,78,71,
100,100,100,D
35,40,33,撣낤
83,49,65,
74,57,44,
87,66,76,
67,65,71,
45,50,46,
56,75,78,
58,68,56,
54,49,48,
60,48,41,
61,51,58,
26,35,32,撣낤
69,56,60,
38,52,48,
66,86,66,w
72,76,70,
62,49,65,
56,75,52,
77,68,58,
38,77,75,
53,66,48,
55,60,64,
46,23,6,撣낤
64,77,83,p
43,49,56,
77,72,83,p
69,84,100,p
74,53,62,
60,75,75,
91,74,89,p
66,86,95,p
51,37,34,撣낤
50,60,48,
89,68,79,p
80,65,70,
47,59,60,
57,60,55,
34,66,46,
26,68,51,
60,82,85,p
47,59,51,
64,42,40,
40,62,56,
49,48,51,
66,57,53,
60,66,73,
48,75,64,
57,68,55,
54,59,58,
80,57,84,p
68,53,60,
48,36,34,撣낤
75,86,95,p
96,93,100,D
19,63,53,
31,41,51,
87,78,78,
81,59,65,
29,72,58,
60,76,65,
22,37,14,撣낤
84,71,91,p
44,53,41,
59,71,73,
74,46,42,
43,66,62,
32,68,62,
49,42,37,
36,34,14,撣낤
94,60,58,
77,70,71,
68,65,69,
46,47,38,
63,53,57,
76,57,81,p
70,75,79,
75,77,82,p
59,71,54,
57,76,71,
76,58,75,
46,56,51,
40,59,63,
81,47,49,
67,76,76,
55,73,48,
88,68,80,p
57,52,57,
87,55,73,
70,69,68,
41,56,52,
32,52,31,撣낤
67,59,47,
74,64,77,
38,57,48,
82,71,92,p
100,59,63,
90,80,100,D
45,64,56,
61,64,70,
92,82,92,D
62,75,64,
70,41,51,
41,60,51,
64,50,53,
62,63,59,
49,69,65,
30,60,51,
56,48,45,
39,54,42,
56,51,52,
79,74,99,p
64,89,82,p
76,61,69,
68,66,61,
61,65,67,
52,58,38,
84,70,69,
13,53,21,撣낤
61,42,29,
59,64,55,
63,65,53,
55,45,20,撣낤
52,56,40,
42,73,65,
46,69,65,
73,68,82,p
52,54,61,
51,64,54,
56,64,58,
51,69,64,
67,53,51,
49,71,66,
63,73,57,
32,52,39,撣낤
52,48,52,
46,87,89,p
51,66,74,
79,58,70,
90,52,73,
65,67,69,
47,65,51,
62,63,48,
31,61,42,
41,55,51,
26,39,26,撣낤
56,57,47,
53,62,61,
40,57,38,
72,64,60,
86,58,68,
57,38,47,
33,38,41,撣낤
72,55,67,
62,69,64,
61,50,52,
36,39,24,撣낤
56,67,73,
69,67,73,
40,54,52,
100,69,93,p
38,37,27,撣낤
33,32,28,撣낤
88,74,88,p
61,46,37,
63,66,53,
60,61,68,
23,54,25,撣낤
57,45,42,
40,47,33,撣낤
77,60,60,
50,57,55,
63,72,72,
87,71,81,p
43,61,62,
12,47,35,撣낤
43,56,40,
50,64,68,
49,60,52,
64,75,75,
31,34,29,撣낤
64,72,61,
62,63,63,
83,65,78,
67,59,58,
23,36,10,撣낤
64,54,48,
34,68,54,
54,90,80,w
58,59,59,
50,53,70,
40,55,48,
62,76,80,
29,15,18,撣낤
48,76,69,
88,62,72,
42,52,59,
79,58,57,
62,44,36,
75,72,87,p
38,74,55,
37,55,53,
41,53,49,
56,68,67,
4,51,40,撣낤
70,54,50,
54,49,40,
70,53,55,
100,67,82,p
72,59,66,
65,48,54,
55,33,32,撣낤
53,67,66,
66,60,59,
75,75,84,p
48,71,67,
24,49,26,撣낤
55,50,42,
67,56,57,
66,44,48,
68,60,69,
92,52,64,
65,75,95,p
50,41,32,撣낤
56,48,60,
38,62,54,
8,22,14,撣낤
74,59,50,
37,54,52,
55,52,57,
44,59,45,
77,72,100,p
62,76,84,p
38,48,43,
53,64,56,
63,53,48,
77,70,83,p
41,58,49,
48,63,58,
63,67,76,
34,62,45,
28,58,56,
54,42,32,
67,77,95,p
82,59,51,
48,42,32,撣낤
72,67,57,
71,58,62,
93,74,96,p
53,47,59,
64,81,88,p
81,69,69,
68,65,57,
61,57,70,
72,61,79,
42,48,36,
46,42,39,
63,59,59,
64,34,43,
77,56,43,
58,51,45,
75,71,84,p
45,39,39,撣낤
57,55,42,
45,38,41,
48,49,60,
79,56,54,
88,78,94,p
67,71,80,
21,69,57,
40,69,61,
50,40,35,
72,50,52,
30,81,61,
67,50,53,
89,85,94,D
55,35,29,撣낤
44,59,56,
61,72,71,
78,74,100,p
76,79,78,w
47,49,43,
69,56,53,
46,78,68,
61,61,50,
44,55,41,
78,62,69,
70,52,55,
50,74,67,
84,62,81,p
66,79,77,
47,37,26,撣낤
31,60,40,
68,43,44,
51,45,46,
62,52,57,
21,41,36,撣낤
71,83,89,p
51,55,59,
60,54,43,
57,53,50,
66,64,64,
17,41,40,撣낤
22,55,45,撣낤
60,80,93,p
60,67,57,
58,68,73,
76,70,62,
100,66,81,p
63,68,83,p
52,48,33,
53,64,65,
3,52,32,撣낤
73,77,75,
77,71,76,
33,68,59,
66,62,75,
45,47,28,撣낤
70,63,61,
29,38,32,撣낤
51,42,54,
71,57,60,
77,70,94,p
39,38,13,撣낤
73,87,82,w
45,56,56,
57,33,35,
52,46,40,
52,64,68,
58,70,66,
47,66,72,
58,78,73,
61,70,80,
77,80,95,p
96,100,100,D
76,83,88,p
57,59,48,
48,43,43,
73,79,75,
47,73,75,
41,59,50,
90,91,94,D
100,89,100,D
52,63,67,
93,58,82,p
58,68,63,
64,89,100,p
36,63,49,
75,81,85,p
100,100,100,D
100,80,85,D
37,53,46,
82,66,86,p
85,67,59,
56,51,35,
54,58,44,
34,57,56,
76,74,79,
87,64,82,p
100,73,92,p
76,51,65,
88,52,69,
37,71,56,
91,82,94,D
45,66,60,
97,60,76,
64,59,59,
80,62,82,p
29,54,33,撣낤
24,63,49,
66,42,44,
68,69,78,
31,36,21,撣낤
100,93,100,D
43,60,56,
68,68,85,p
83,54,68,
75,57,42,
69,60,56,
85,76,85,p
74,62,79,
26,78,57,
23,32,13,撣낤
57,56,73,
29,24,25,撣낤
51,66,57,
73,61,67,
73,58,65,
70,66,68,
59,64,61,
33,45,43,撣낤
51,55,51,
66,59,60,
69,44,57,
46,67,50,
52,54,55,
91,67,73,
80,70,84,p
77,63,80,
88,79,91,p
83,78,100,p
84,58,74,
24,42,23,撣낤
62,66,60,
44,62,51,
34,31,36,撣낤
68,77,82,p
52,64,66,
40,44,46,
68,66,66,
72,65,73,
64,67,59,
44,59,56,
65,41,45,
40,60,51,
48,55,55,
75,83,95,p
54,61,67,
71,54,56,
60,62,58,
89,59,84,p
26,49,35,撣낤
79,57,54,
52,56,67,
55,88,80,w
71,67,78,
51,59,58,
80,62,72,
38,58,55,
68,51,36,
80,49,67,
68,67,75,
50,60,56,
80,68,78,
49,44,39,
71,48,63,
66,74,81,p
39,66,42,
49,54,64,
56,69,72,
84,68,67,
47,65,58,
43,50,46,
58,76,95,p
49,73,86,p
77,63,58,
53,49,40,
85,76,80,p
55,49,56,
49,65,70,
84,57,59,
73,50,47,
65,50,43,
76,80,81,w
89,60,72,
43,75,72,
23,41,35,撣낤
54,75,72,
51,65,58,
91,63,68,
71,62,75,
94,79,85,p
15,52,30,撣낤
60,61,45,
44,35,28,撣낤
54,51,50,
58,53,62,
87,67,82,p
62,46,70,
64,58,86,p
80,63,77,
64,43,51,
59,73,68,
60,57,47,
42,74,58,
26,60,53,
43,55,59,
52,30,22,撣낤
52,43,42,
42,57,50,
48,53,37,
24,50,37,撣낤
41,55,46,
33,55,48,
72,78,74,
78,75,87,p
55,57,51,
48,58,63,
15,40,27,撣낤
39,75,73,
59,82,80,w
83,87,95,D
45,40,23,撣낤
57,69,72,
60,53,58,
79,86,97,D
81,76,82,p
60,31,30,撣낤
46,79,54,
70,80,70,w
70,65,59,
64,76,96,p
44,62,45,
100,79,92,D
42,53,47,
78,82,85,D
76,83,87,p
49,46,51,
82,81,100,D
49,57,66,
55,43,48,
88,53,67,
35,69,60,
43,37,28,撣낤
73,63,63,
100,95,100,D
45,50,58,
82,73,88,p
66,65,56,
73,63,85,p
84,62,58,
57,55,43,
97,58,70,
78,61,72,
22,27,13,撣낤
100,76,100,p
53,55,39,
81,59,63,
44,61,57,
68,72,92,p
75,76,71,
72,68,58,
79,63,80,p
77,38,58,
82,77,72,
28,69,66,
88,83,100,D
66,81,68,w
94,59,83,p
34,47,42,撣낤
59,71,63,
45,69,47,
71,81,81,w
87,31,48,
27,60,51,
82,54,58,
43,57,45,
29,63,57,
45,52,31,
64,65,81,
69,68,82,p
36,61,43,
80,53,45,
93,58,86,p
77,59,67,
70,50,56,
77,65,69,
46,61,52,
83,82,88,D
35,53,39,
68,65,68,
41,53,50,
35,51,31,撣낤
86,72,80,p
81,62,84,p
65,58,71,
55,60,55,
25,51,47,撣낤
42,77,68,
64,93,96,p
32,68,56,
72,68,74,
47,49,42,
70,47,62,
73,63,74,
77,58,78,
31,58,40,
46,52,54,
52,24,17,撣낤
62,63,73,
51,51,47,
100,66,87,p
58,69,66,
57,74,91,p
33,67,64,
55,67,77,
62,71,81,p
78,83,71,w
98,80,98,D
90,67,76,
21,48,23,撣낤
64,70,69,
58,47,40,
75,47,52,
88,70,85,p
57,58,66,
55,68,63,
70,68,69,
78,73,88,p
69,71,82,p
50,66,64,
62,50,52,
70,52,50,
76,55,60,
27,57,47,
52,64,55,
91,75,70,
64,58,39,
73,64,67,
52,37,29,撣낤
57,54,63,
63,65,55,
43,52,49,
63,67,65,
61,60,46,
68,63,53,
100,52,73,
56,56,52,
67,83,94,p
49,64,68,
73,38,55,
23,27,0,撣낤
55,54,52,
53,54,37,
78,55,59,
75,53,51,
51,79,79,
70,56,59,
72,58,57,
43,50,46,
95,71,100,p
76,66,86,p
100,80,87,D
67,66,63,
94,73,95,p
35,33,21,撣낤
54,44,50,
95,49,67,
21,33,12,撣낤
65,83,98,p
38,58,56,
30,61,36,
52,69,64,
75,47,63,
77,59,66,
91,51,54,
80,58,54,
56,77,75,
65,60,62,
52,60,46,
71,75,80,
41,60,61,
61,75,75,
33,52,41,
83,69,85,p
46,57,54,
100,70,95,p
52,63,58,
66,49,51,
50,37,29,撣낤
73,78,86,p
53,91,81,p
25,22,26,撣낤
50,63,55,
63,52,63,
71,60,69,
87,65,78,
37,40,23,撣낤
68,66,68,
68,61,60,
62,75,68,
76,35,57,
62,57,58,
55,58,65,
84,95,100,D
41,65,43,
63,68,69,
72,64,66,
97,84,96,D
49,53,52,
29,68,63,
42,55,46,
47,53,35,
50,50,52,
66,50,48,
41,46,35,撣낤
57,40,38,
47,64,45,
45,85,64,w
59,70,58,
82,69,66,
74,68,65,
30,45,37,撣낤
93,61,83,p
72,29,38,
27,73,56,
49,51,52,
42,58,66,
56,48,32,
53,70,64,
91,65,70,
77,47,54,
73,75,73,
79,68,83,p
39,44,18,撣낤
97,87,100,D
80,89,100,D
56,71,73,
62,59,60,
58,86,74,w
54,51,56,
76,59,69,
71,60,85,p
48,55,49,
63,51,54,
90,57,70,
45,46,26,撣낤
62,70,70,
100,53,72,
30,56,40,
100,65,70,
41,56,49,
66,68,62,
50,50,48,
46,67,58,
84,70,90,p
49,62,62,
25,43,18,撣낤
80,74,86,p
63,61,51,
98,83,99,D
63,73,83,p
62,34,35,
33,58,50,
67,70,72,
68,49,62,
60,60,49,
83,66,81,p
48,45,27,撣낤
29,55,26,撣낤
51,58,61,
73,55,76,
29,50,34,撣낤
100,55,72,
45,55,54,
85,82,83,D
69,53,74,
30,50,34,撣낤
80,55,56,
47,54,33,
89,58,79,
51,55,40,
56,70,74,
72,62,73,
47,52,40,
47,56,57,
69,73,79,
34,59,50,
95,74,91,p
50,56,48,
67,73,80,
55,61,58,
49,36,29,撣낤
51,35,28,撣낤
43,53,68,
64,76,93,p
67,42,47,
64,46,51,
87,95,100,D
100,92,100,D
45,53,52,
84,76,92,p
53,71,70,
61,64,68,
55,51,38,
83,76,84,p
65,74,71,
80,71,91,p
79,56,66,
84,68,76,
37,47,43,
55,68,77,
22,36,25,撣낤
4,58,30,撣낤
61,57,69,
61,57,57,
62,77,77,
49,57,43,
95,70,74,
45,42,38,
60,59,68,
67,69,52,
62,41,23,撣낤
75,74,84,p
89,49,73,
86,73,64,
23,47,36,撣낤
41,55,58,
35,50,43,
53,57,69,
77,67,77,
59,37,41,
32,41,26,撣낤
87,61,68,
64,47,55,
73,74,81,p
73,78,87,p
90,67,82,p
49,44,24,撣낤
65,65,56,
88,68,72,
38,49,38,
51,74,73,
66,87,92,p
98,53,53,
46,75,59,
87,97,100,D
76,61,64,
53,78,65,
60,53,59,
83,71,67,
55,62,57,
43,61,69,
72,58,56,
75,77,73,
64,82,81,p
58,36,33,
57,63,61,
100,72,100,p
81,47,66,
83,54,59,
48,51,65,
74,62,75,
72,72,72,
50,57,47,
48,54,64,
73,52,55,
31,57,34,撣낤
59,60,63,
58,48,54,
63,60,64,
68,63,62,
78,62,69,
60,63,69,
33,46,44,撣낤
47,51,55,
69,60,77,
48,51,47,
68,37,43,
40,52,52,
89,63,73,
95,57,70,
48,50,36,
29,35,30,撣낤
64,53,49,
51,57,56,
75,66,71,
52,68,59,
94,82,98,D
78,63,64,
56,71,68,
67,60,55,
59,74,63,
45,39,39,撣낤
61,48,33,
64,61,68,
41,61,61,
73,62,81,p
41,42,30,撣낤
62,69,74,
76,59,76,
72,66,65,
69,60,69,
22,53,27,撣낤
59,54,41,
68,57,56,
84,73,94,p
31,41,36,撣낤
80,55,65,
36,48,45,
57,64,51,
89,61,62,
57,49,44,
59,63,51,
74,59,67,
70,69,77,
65,60,53,
23,46,28,撣낤
35,42,24,撣낤
60,71,62,
49,64,52,
63,59,64,
65,66,85,p
78,54,52,
6,25,2,撣낤
45,38,25,撣낤
59,70,57,
71,71,82,p
88,77,79,p
75,64,77,
76,47,56,
67,54,73,
51,66,69,
38,46,33,撣낤
55,71,68,
41,59,37,
73,82,100,p
90,76,85,p
41,58,50,
88,50,67,
88,56,74,
56,84,81,p
56,61,72,
47,57,53,
68,74,81,p
50,17,20,撣낤
56,53,51,
54,44,49,
73,78,76,
64,60,58,
61,51,52,
44,59,46,
59,78,89,p
30,59,55,
52,37,36,
76,82,87,p
56,51,45,
60,67,66,
59,74,65,
38,47,45,
80,65,67,
83,67,77,
60,67,61,
42,64,59,
68,57,68,
38,78,65,
79,75,87,p
57,77,86,p
12,64,49,撣낤
88,84,91,D
52,50,48,
54,61,55,
75,54,60,
22,52,29,撣낤
49,60,59,
40,48,37,
65,64,60,
83,76,76,
47,61,58,
17,56,35,撣낤
71,80,90,p
44,55,53,
89,85,100,D
50,59,50,
34,73,53,
68,57,75,
71,46,34,
92,75,88,p
39,47,33,撣낤
94,63,69,
70,78,90,p
38,64,49,
16,43,26,撣낤
73,47,63,
43,46,27,撣낤
58,58,54,
59,88,91,p
33,37,37,撣낤
76,67,67,
59,56,60,
90,45,72,
48,49,56,
62,61,56,
75,80,88,p
48,39,25,撣낤
65,72,73,
81,71,85,p
26,48,33,撣낤
63,61,72,
52,61,60,
48,64,54,
61,52,64,
54,67,55,
53,71,71,
30,39,35,撣낤
56,50,59,
45,61,65,
55,65,67,
100,91,100,D
82,54,83,p
100,73,86,p
56,60,52,
39,36,26,撣낤
93,78,92,p
73,69,69,
51,37,37,
64,79,83,p
42,68,60,
44,31,12,撣낤
42,61,62,
71,47,44,
65,77,64,
69,51,40,
57,69,65,
52,78,74,
47,45,34,
74,61,55,
78,67,79,
70,85,74,w
81,59,87,p
47,66,57,
75,48,58,
57,54,64,
54,76,75,
39,66,65,
41,52,40,
63,77,80,
60,39,47,
54,58,54,
84,76,90,p
66,80,88,p
57,78,77,
71,60,52,
48,56,54,
25,53,44,撣낤
72,88,88,p
23,41,32,撣낤
58,63,61,
56,63,52,
30,48,41,撣낤
87,63,65,
80,99,97,D
37,41,27,撣낤
92,55,69,
91,56,70,
87,86,85,D
42,66,60,
91,54,63,
43,60,54,
74,70,72,
20,59,44,撣낤
62,64,65,
34,63,52,
59,64,70,
86,59,97,p
24,60,45,
42,68,54,
47,35,48,
47,52,45,
50,62,53,
28,78,70,
56,76,94,p
50,48,28,撣낤
76,79,89,p
30,45,24,撣낤
72,55,68,
50,57,57,
66,55,50,
46,60,49,
83,75,95,p
35,64,50,
44,39,38,撣낤
45,57,49,
65,63,59,
35,54,36,撣낤
47,61,50,
25,64,58,
50,62,53,
54,52,36,
97,66,84,p
83,69,73,
80,70,84,p
59,39,37,
83,64,70,
17,53,25,撣낤
66,60,73,
58,42,37,
47,41,42,
88,85,100,D
98,60,78,
42,66,59,
53,48,39,
44,44,32,撣낤
73,60,42,
55,37,44,
67,72,80,
59,84,74,w
59,64,58,
66,65,72,
51,75,75,
68,72,59,
64,72,77,
67,56,58,
81,74,86,p
79,27,48,
35,58,50,
36,28,24,撣낤
71,60,61,
70,47,65,
83,52,58,
33,47,35,撣낤
100,88,95,D
41,63,44,
56,51,48,
80,64,79,
88,60,56,
24,53,42,撣낤
53,57,63,
68,46,36,
74,83,81,w
44,50,56,
53,59,65,
90,68,88,p
38,59,53,
74,61,68,
53,45,56,
59,46,44,
71,66,70,
86,75,80,p
78,67,71,
65,52,69,
75,62,76,
86,85,89,D
60,84,84,p
77,74,86,p
40,36,26,撣낤
53,43,38,
37,49,38,撣낤
77,76,74,
46,50,44,
42,64,50,
64,75,78,
36,47,29,撣낤
93,67,75,
62,58,59,
88,64,63,
57,59,54,
75,45,65,
85,71,88,p
100,87,92,D
91,62,67,
65,100,85,p
52,64,61,
62,34,35,
86,74,72,
65,45,59,
79,81,88,D
67,64,68,
42,44,31,撣낤
85,88,95,D
29,67,53,
61,68,54,
63,44,56,
44,55,49,
34,48,47,
50,46,49,
86,91,85,D
44,66,53,
91,90,100,D
61,58,56,
49,60,58,
64,84,84,p
70,69,66,
51,57,55,
30,56,43,
78,64,72,
32,53,43,
62,73,66,
44,56,57,
73,77,82,p
90,72,73,
25,62,40,
99,70,84,p
70,46,43,
45,57,55,
51,52,65,
62,44,39,
36,58,37,
66,75,62,
30,39,42,撣낤
57,65,56,
75,75,90,p
67,67,67,
49,50,49,
54,55,41,
47,39,34,撣낤
57,46,65,
71,66,58,
75,59,53,
51,81,71,
79,63,67,
69,52,58,
89,65,76,
51,78,74,
72,91,89,p
54,67,63,
92,82,98,D
72,73,73,
32,53,38,撣낤
5,45,20,撣낤
90,52,65,
91,67,84,p
43,60,48,
100,76,91,p
71,71,78,
59,93,89,p
79,64,82,p
41,29,23,撣낤
68,64,77,
69,76,75,
75,79,69,
15,59,43,撣낤
51,35,35,撣낤
0,53,9,撣낤
57,65,64,
24,56,45,撣낤
41,60,67,
69,52,71,
68,57,63,
32,66,46,
63,58,62,
67,58,38,
44,50,51,
49,64,78,
42,38,29,撣낤
58,46,49,
50,62,64,
44,56,51,
55,53,65,
54,44,28,撣낤
75,80,71,w
33,55,47,
45,50,35,
46,60,56,
53,43,54,
53,75,68,
60,66,63,
49,46,38,
19,72,54,
42,70,57,
41,65,63,
78,72,83,p
75,48,61,
44,32,9,撣낤
71,52,46,
77,71,75,
93,74,100,p
27,46,21,撣낤
100,66,97,p
88,69,81,p
12,48,25,撣낤
52,68,60,
53,37,33,撣낤
41,52,39,
5,64,28,撣낤
71,64,54,
68,72,83,p
36,42,30,撣낤
69,60,62,
75,71,78,
71,43,55,
68,73,71,
59,61,45,
48,73,78,
57,39,55,
20,62,49,
42,37,27,撣낤
26,57,61,
56,57,61,
56,57,45,
52,53,44,
92,78,99,p
42,60,64,
64,41,44,
41,67,62,
51,63,57,
31,36,30,撣낤
50,59,55,
77,81,97,p
48,46,41,
40,45,45,
67,66,65,
85,85,88,D
93,69,97,p
95,64,85,p
41,67,46,
53,43,25,撣낤
47,36,32,撣낤
84,76,78,
38,56,45,
81,73,80,p
56,46,54,
82,82,96,D
83,88,98,D
68,68,72,
73,83,81,w
85,60,72,
81,76,83,p
37,71,58,
87,73,84,p
53,60,40,
61,59,52,
44,64,46,
85,91,92,D
62,65,68,
99,63,89,p
70,57,55,
29,43,36,撣낤
69,83,84,p
82,85,86,D
66,45,51,
42,51,38,
66,62,66,
82,54,65,
60,60,81,
76,46,64,
71,55,52,
43,45,48,
49,59,52,
58,58,54,
76,64,72,
75,66,81,p
76,63,80,
48,45,48,
62,63,55,
27,63,46,
79,44,43,
76,80,96,p
51,37,25,撣낤
71,59,61,
87,62,77,
51,49,61,
56,66,67,
47,85,80,p
66,62,71,
43,63,54,
53,67,62,
75,40,49,
63,55,59,
44,75,72,
93,70,87,p
64,70,75,
76,72,78,
81,94,99,D
55,70,65,
56,57,61,
74,76,83,p
78,67,72,
54,74,88,p
35,42,40,撣낤
74,60,62,
58,74,85,p
51,44,41,
11,45,23,撣낤
64,68,62,
76,51,51,
62,75,67,
61,56,56,
78,67,77,
100,63,88,p
78,60,68,
79,62,64,
67,64,62,
75,65,55,
34,67,55,
100,91,100,D
63,60,52,
31,52,38,撣낤
27,36,29,撣낤
60,48,42,
84,63,68,
48,52,54,
24,63,41,
84,96,100,D
39,43,32,撣낤
75,79,79,w
39,82,69,
88,45,46,
80,72,89,p
57,61,52,
74,67,65,
100,73,100,p
64,79,80,
58,82,75,w
60,43,54,
89,69,78,
48,58,47,
13,43,32,撣낤
56,56,75,
95,82,100,D
55,55,61,
53,71,83,p
37,39,29,撣낤
75,60,54,
95,73,83,p
48,60,41,
75,67,92,p
33,47,24,撣낤
91,64,92,p
70,74,97,p
73,52,55,
17,9,0,撣낤
56,41,56,
75,62,65,
91,79,71,
44,60,58,
51,60,52,
73,74,85,p
31,52,33,撣낤
33,49,38,撣낤
68,53,64,
84,50,65,
55,43,49,
50,69,70,
79,58,64,
37,43,29,撣낤
40,49,44,
64,63,65,
38,52,43,
84,77,66,
82,66,74,
61,52,51,
30,67,43,
46,31,28,撣낤
76,62,68,
65,95,100,p
70,58,57,
90,65,69,
69,49,67,
59,76,74,
56,69,67,
92,68,96,p
63,36,51,
66,81,80,w
44,50,40,
52,48,69,
83,60,72,
74,55,64,
51,46,40,
64,83,92,p
59,54,61,
79,81,82,D
58,51,49,
48,68,49,
40,64,66,
59,49,49,
58,80,100,p
28,52,41,撣낤
37,47,38,撣낤
47,68,60,
52,79,76,
73,67,63,
72,55,52,
46,74,57,
28,44,33,撣낤
51,55,39,
63,48,51,
72,64,72,
58,100,100,p
58,76,58,
12,53,37,撣낤
61,74,72,
39,57,41,
79,59,74,
59,60,49,
83,65,82,p
70,76,71,
68,62,58,
41,69,65,
30,54,49,
79,71,89,p
66,83,81,w
54,48,50,
96,65,83,p
40,73,51,
55,71,62,
25,63,59,
52,62,59,
79,57,68,
98,76,92,p
54,56,67,
65,63,57,
100,69,100,p
21,63,44,
95,77,88,p
64,43,52,
63,57,75,
55,77,75,
66,80,73,
47,35,32,撣낤
56,39,15,撣낤
74,75,80,
69,61,58,
37,57,45,
90,68,88,p
64,66,73,
41,54,31,撣낤
79,75,71,
30,59,61,
61,82,97,p
50,48,42,
33,41,23,撣낤
58,71,60,
60,51,40,
74,83,91,p
84,59,76,
42,37,32,撣낤
67,75,77,
49,53,43,
42,49,41,
68,71,60,
46,78,67,
71,93,88,p
15,60,44,撣낤
68,69,60,
38,49,48,
78,62,79,
56,76,85,p
86,63,78,
52,80,100,p
88,87,95,D
37,39,21,撣낤
65,55,52,
63,61,60,
45,72,58,
26,53,24,撣낤
88,88,94,D
66,81,81,p
34,70,79,
30,61,38,
76,75,86,p
43,59,53,
44,68,69,
79,74,73,
68,66,76,
25,63,41,
57,43,55,
63,66,60,
53,48,38,
64,80,90,p
82,33,58,
52,68,59,
7,35,22,撣낤
80,51,64,
41,55,47,
40,53,58,
73,67,69,
70,38,42,
77,70,82,p
76,87,100,p
44,59,46,
63,45,57,
88,93,100,D
77,74,83,p
28,60,42,
48,50,50,
37,40,23,撣낤
55,66,59,
50,52,58,
48,45,52,
59,36,54,
4,50,49,撣낤
72,84,100,p
99,88,100,D
61,49,55,
36,45,34,撣낤
29,51,43,撣낤
58,41,50,
93,72,89,p
22,37,24,撣낤
40,66,64,
61,71,78,
100,94,100,D
74,82,94,p
57,68,52,
25,53,34,撣낤
37,57,52,
93,71,70,
91,85,98,D
85,68,61,
53,46,69,
67,74,72,
71,66,76,
65,60,67,
57,65,54,
77,57,55,
56,55,45,
74,54,70,
55,60,59,
60,39,48,
40,34,34,撣낤
60,44,63,
12,62,36,撣낤
56,67,65,
77,79,89,p
43,59,50,
48,60,54,
48,73,64,
56,67,69,
69,54,59,
45,80,77,
92,69,74,
57,66,66,
72,65,60,
55,41,31,
64,69,71,
33,39,31,撣낤
76,69,74,
65,62,85,p
53,62,38,
75,73,74,
62,67,71,
48,74,66,
59,66,76,
51,58,49,
50,66,54,
76,88,88,p
92,74,95,p
100,94,100,D
83,56,69,
51,59,61,
48,44,39,
75,81,91,p
81,67,80,p
80,68,80,p
54,53,36,
53,55,47,
60,69,51,
64,58,40,
40,53,44,
28,41,28,撣낤
70,66,64,
62,58,68,
58,54,59,
59,53,46,
89,84,95,D
31,47,26,撣낤
41,51,45,
64,35,34,
95,64,73,
84,61,75,
57,54,44,
46,54,46,
78,58,57,
70,63,69,
60,65,77,
30,62,38,
84,71,79,
50,42,49,
27,54,46,
56,37,34,
42,30,23,撣낤
45,57,43,
41,51,49,
47,51,55,
64,50,41,
66,64,72,
41,48,23,撣낤
46,56,55,
20,83,51,
89,59,70,
87,50,71,
30,48,22,撣낤
63,53,35,
74,72,98,p
73,57,78,
55,55,59,
62,57,65,
41,42,40,撣낤
66,47,57,
48,68,70,
45,56,46,
75,51,56,
11,29,0,撣낤
91,82,97,D
62,45,46,
41,47,39,
51,71,58,
87,75,95,p
66,59,51,
57,72,82,p
76,72,76,
90,100,100,D
41,58,54,
57,65,75,
58,55,65,
71,53,48,
55,63,71,
66,76,73,
69,52,68,
75,61,69,
47,44,46,
82,55,54,
65,64,59,
61,72,65,
57,38,29,撣낤
29,40,16,撣낤
85,61,67,
62,77,69,
27,36,38,撣낤
75,61,63,
31,38,41,撣낤
41,58,49,
63,60,74,
37,41,18,撣낤
40,51,50,
76,59,65,
96,53,68,
70,53,55,
25,47,28,撣낤
85,88,100,D
84,67,86,p
100,74,98,p
56,71,83,p
62,60,50,
56,45,50,
51,61,45,
81,58,65,
72,53,45,
26,66,62,
62,53,60,
59,59,54,
65,68,72,
73,68,73,
38,34,27,撣낤
81,46,63,
78,67,82,p
77,65,71,
71,87,93,p
74,85,88,p
79,70,86,p
64,80,82,p
38,63,65,
51,63,67,
53,57,54,
66,69,62,
75,55,63,
61,45,28,
57,59,67,
39,74,52,
76,76,81,p
32,45,35,撣낤
60,36,31,撣낤
68,74,78,
66,55,70,
66,61,63,
62,64,66,
69,68,77,
40,45,52,
99,82,97,D
58,36,30,撣낤
49,37,29,撣낤
84,48,72,
100,84,100,D
0,53,12,撣낤
80,79,71,
14,66,37,撣낤
67,71,73,
29,58,59,
65,84,86,p
78,64,70,
75,48,57,
63,55,54,
57,33,4,撣낤
99,68,86,p
52,53,43,
53,43,48,
25,76,60,
69,38,38,
90,66,76,
81,48,56,
84,72,67,
63,71,79,
65,51,61,
99,81,100,D
86,89,99,D
79,54,70,
39,40,48,
50,44,52,
41,30,33,撣낤
63,57,34,
62,63,78,
87,46,51,
100,65,97,p
31,44,33,撣낤
91,41,53,
66,70,68,
72,74,76,
81,69,70,
59,72,69,
50,71,77,
70,64,59,
52,46,33,
64,48,52,
71,70,72,
73,67,59,
68,62,65,
88,62,83,p
39,50,46,
69,48,53,
53,44,38,
61,75,75,
54,44,51,
75,63,72,
46,53,41,
84,41,54,
33,33,7,撣낤
38,47,32,撣낤
51,52,66,
48,60,39,
56,54,44,
79,64,70,
77,83,82,D
47,72,83,p
61,55,47,
72,49,54,
39,69,64,
73,57,58,
56,68,73,
70,58,49,
61,34,32,
25,71,54,
70,55,69,
59,61,47,
64,34,51,
35,48,26,撣낤
79,53,57,
30,49,33,撣낤
72,67,65,
65,66,74,
38,66,65,
89,84,94,D
80,59,61,
45,68,59,
76,48,49,
64,70,65,
98,70,79,
46,73,76,
52,53,49,
53,71,67,
48,97,95,p
51,51,40,
35,71,61,
46,69,46,
64,92,100,p
47,61,52,
69,43,50,
96,70,74,
63,62,59,
44,76,54,
35,44,42,撣낤
38,83,60,
65,49,48,
74,54,70,
66,45,41,
59,51,54,
13,47,30,撣낤
49,70,64,
76,68,80,
33,31,29,撣낤
64,62,58,
84,68,78,
34,48,46,
38,48,33,撣낤
67,65,57,
37,46,45,
44,64,64,
34,34,21,撣낤
82,75,83,p
63,47,53,
41,44,43,
51,71,60,
37,53,34,撣낤
13,54,26,撣낤
60,76,66,
74,49,63,
78,65,80,
85,67,80,p
48,73,58,
85,71,71,
74,55,58,
79,79,82,D
99,64,74,
46,63,46,
29,58,48,
44,54,34,
44,59,56,
27,32,25,撣낤
80,66,80,p
51,42,42,
100,81,92,D
12,55,39,撣낤
63,65,57,
75,62,62,
92,77,96,p
51,70,46,
29,54,44,
52,51,73,
76,84,85,p
36,51,46,
48,46,38,
81,67,63,
100,59,76,
59,65,69,
100,91,100,D
22,66,54,
74,67,78,
52,53,51,
93,58,74,
21,37,17,撣낤
40,54,49,
83,73,76,
41,49,42,
57,42,30,
38,76,61,
74,53,62,
53,60,42,
70,55,40,
100,64,86,p
76,51,50,
57,64,55,
84,74,85,p
64,56,64,
74,59,64,
85,60,94,p
51,53,56,
64,67,74,
39,58,49,
66,72,77,
48,60,65,
89,80,86,D
66,55,56,
49,50,51,
65,73,75,
59,51,63,
83,70,71,
48,70,80,
60,71,61,
42,60,59,
48,54,69,
61,43,44,
55,62,52,
32,55,56,
63,50,50,
58,51,53,
79,58,69,
23,30,19,撣낤
55,60,43,
16,34,17,撣낤
80,79,80,p
62,46,49,
39,65,51,
55,71,61,
34,53,47,
60,52,49,
42,31,27,撣낤
55,66,57,
59,39,30,
75,88,88,p
75,60,70,
83,73,97,p
26,62,49,
100,67,86,p
61,58,69,
56,65,49,
61,68,66,
34,60,57,
53,41,36,
38,54,37,
37,50,35,撣낤
27,65,46,
61,43,53,
35,70,50,
52,56,69,
61,75,71,
64,57,58,
50,59,50,
85,48,53,
99,65,95,p
38,78,66,
62,64,58,
100,67,90,p
78,73,83,p
96,63,76,
88,94,100,D
93,84,100,D
85,55,76,
34,40,28,撣낤
69,56,53,
92,50,71,
20,39,15,撣낤
61,67,73,
50,62,43,
68,65,66,
61,49,47,
31,59,38,
67,63,65,
80,38,65,
48,75,57,
47,36,45,
34,24,1,撣낤
27,44,43,撣낤
80,68,66,
57,57,48,
16,64,49,
37,55,46,
94,60,78,
82,64,80,p
78,55,64,
69,54,50,
51,62,53,
30,37,32,撣낤
62,27,28,撣낤
87,63,74,
65,56,53,
40,41,39,撣낤
98,89,100,D
54,56,71,
58,71,56,
87,78,86,p
51,64,55,
58,45,48,
90,95,100,D
86,68,88,p
20,54,51,撣낤
90,72,89,p
66,45,55,
80,76,71,
79,54,67,
49,68,64,
53,51,41,
59,68,85,p
68,46,34,
52,59,56,
39,50,47,
80,84,97,D
55,62,52,
100,76,92,p
66,60,65,
71,74,70,
95,81,100,D
51,55,55,
81,61,64,
65,69,55,
51,45,35,
100,76,97,p
34,49,48,
30,70,51,
53,47,33,
30,64,48,
60,91,100,p
68,78,82,p
44,55,58,
68,46,47,
95,73,91,p
94,64,83,p
29,67,63,
70,66,64,
53,73,67,
48,69,57,
74,63,69,
71,72,91,p
62,59,59,
35,37,36,撣낤
58,65,57,
48,61,42,
52,61,54,
79,73,85,p
49,59,64,
54,74,67,
40,42,24,撣낤
68,84,96,p
81,59,71,
31,34,18,撣낤
45,61,60,
43,45,36,撣낤
30,51,46,
52,69,63,
54,52,56,
53,44,32,
84,59,71,
77,62,68,
29,42,35,撣낤
70,61,73,
80,54,62,
63,81,78,w
54,36,36,
59,58,50,
96,86,100,D
98,51,56,
66,64,71,
82,70,75,
82,73,67,
74,70,64,
40,58,57,
42,55,56,
58,51,73,
42,79,70,
72,59,60,
77,76,97,p
43,62,56,
54,67,88,p
41,34,16,撣낤
66,46,39,
78,62,58,
55,76,61,
69,69,79,
65,69,79,
53,49,51,
99,68,83,p
76,70,70,
72,51,60,
65,79,74,
84,72,65,
89,70,76,
54,48,38,
54,93,95,p
73,68,70,
68,56,53,
78,60,65,
59,67,68,
65,84,82,p
54,100,99,p
57,69,72,
94,62,67,
66,51,48,
45,33,35,撣낤
59,65,54,
29,29,18,撣낤
69,60,60,
58,57,58,
59,43,42,
73,64,65,
54,38,50,
55,69,65,
84,69,64,
12,34,14,撣낤
63,42,46,
39,38,18,撣낤
50,57,67,
21,19,0,撣낤
36,54,41,
50,71,75,
52,46,45,
79,73,88,p
61,58,54,
86,77,79,p
56,69,53,
11,39,19,撣낤
32,69,64,
80,71,73,
77,64,65,
61,69,73,
41,55,52,
76,57,48,
25,41,22,撣낤
89,84,97,D
64,53,63,
45,45,38,
52,64,52,
50,58,53,
29,43,31,撣낤
45,66,70,
79,66,63,
76,86,87,p
40,43,37,撣낤
80,64,66,
53,55,78,
31,43,38,撣낤
39,32,26,撣낤
47,69,63,
52,41,46,
81,52,60,
45,47,30,撣낤
94,75,73,
59,65,49,
92,74,100,p
60,47,57,
44,49,43,
66,70,67,
73,61,72,
71,64,61,
57,64,54,
75,60,60,
50,57,51,
64,76,87,p
89,97,100,D
70,78,78,
78,75,91,p
82,71,70,
63,54,54,
71,32,34,
53,48,51,
45,46,35,
92,65,78,
30,63,23,撣낤
54,56,46,
93,63,71,
44,76,78,
50,39,50,
47,70,78,
77,67,75,
43,58,42,
68,51,57,
26,59,65,
26,66,41,
54,62,66,
46,60,47,
61,68,68,
73,51,70,
41,39,30,撣낤
58,63,77,
43,52,38,
24,48,43,撣낤
61,61,57,
46,40,40,
46,58,55,
59,58,58,
58,56,67,
57,58,66,
49,58,50,
95,64,84,p
60,66,64,
61,48,71,
67,63,68,
29,44,15,撣낤
77,63,69,
50,47,45,
66,53,63,
75,49,59,
42,73,67,
66,80,88,p
46,48,57,
66,64,81,p
53,42,43,
57,68,57,
62,54,47,
90,66,64,
89,74,76,
78,79,74,w
70,63,74,
95,78,86,p
37,46,39,撣낤
27,48,42,撣낤
25,29,20,撣낤
67,62,66,
49,65,57,
90,70,69,
8,28,4,撣낤
35,87,72,w
47,67,53,
85,71,80,p
59,59,58,
54,63,66,
68,61,57,
83,66,88,p
94,79,100,p
90,79,73,
39,60,49,
93,65,78,
93,65,71,
72,75,72,
62,60,65,
45,63,51,
20,62,35,撣낤
67,35,43,
55,51,51,
35,53,39,
66,64,64,
73,51,56,
32,46,47,
45,46,25,撣낤
47,55,52,
51,64,55,
22,83,66,
73,61,72,
33,57,46,
73,53,64,
43,52,48,
96,87,90,D
46,64,50,
79,69,100,p
78,59,73,
59,48,43,
47,48,42,
75,56,65,
45,53,38,
55,63,63,
48,53,49,
60,65,69,
56,56,64,
97,67,76,
84,86,95,D
71,64,69,
69,83,75,w
69,54,66,
87,88,100,D
100,59,71,
100,68,76,
73,67,81,p
59,52,54,
77,48,68,
93,80,95,D
64,59,52,
71,53,59,
46,53,47,
36,36,29,撣낤
61,59,58,
34,49,34,撣낤
67,52,65,
82,64,69,
52,76,69,
94,72,88,p
64,50,69,
81,62,63,
78,58,67,
56,68,63,
57,72,59,
24,46,21,撣낤
57,59,44,
39,68,85,p
76,73,84,p
71,69,86,p
50,67,57,
28,38,26,撣낤
38,69,63,
94,65,67,
96,65,72,
54,62,69,
67,60,56,
16,54,34,撣낤
36,64,47,
13,62,38,撣낤
47,29,25,撣낤
60,60,45,
87,71,94,p
76,48,52,
7,52,29,撣낤
81,59,61,
49,83,78,w
15,26,5,撣낤
41,53,47,
66,60,61,
79,99,100,D
66,70,78,
83,72,81,p
77,60,62,
63,77,88,p
72,76,60,
77,73,80,
49,56,57,
57,64,52,
70,67,72,
35,47,31,撣낤
55,84,79,w
69,49,53,
77,53,51,
48,52,51,
74,62,78,
100,91,97,D
33,49,27,撣낤
65,82,87,p
63,61,57,
81,75,89,p
44,35,28,撣낤
71,52,47,
40,60,61,
43,51,50,
49,45,51,
80,78,88,D
59,56,71,
55,62,72,
81,55,66,
67,37,29,
28,42,30,撣낤
38,38,30,撣낤
46,51,36,
23,62,42,
34,62,53,
44,40,38,撣낤
74,80,74,w
72,67,66,
61,71,75,
58,57,65,
54,50,49,
92,79,93,p
73,70,89,p
74,68,74,
33,61,66,
44,44,28,撣낤
62,55,48,
37,88,88,p
51,41,34,
85,52,52,
58,53,56,
46,56,42,
13,60,50,撣낤
69,30,36,
0,49,13,撣낤
54,41,30,撣낤
89,67,79,
77,65,82,p
100,61,87,p
72,86,100,p
83,62,73,
47,57,53,
60,53,53,
16,49,19,撣낤
56,78,79,
73,77,69,
52,63,56,
100,92,100,D
42,54,46,
44,37,33,撣낤
45,68,42,
60,39,49,
65,53,46,
76,75,93,p
46,42,28,撣낤
95,81,79,p
52,52,47,
55,41,35,
57,51,56,
31,47,37,撣낤
53,60,57,
70,78,99,p
57,76,66,
53,75,83,p
84,68,81,p
50,28,19,撣낤
57,57,60,
88,89,97,D
25,49,25,撣낤
35,43,32,撣낤
85,63,76,
22,57,47,
50,65,77,
84,46,58,
56,62,57,
77,62,82,p
74,60,66,
53,45,48,
61,58,62,
51,50,47,
36,41,28,撣낤
54,58,65,
56,55,78,
67,61,79,
64,62,54,
47,66,59,
73,78,76,
40,41,29,撣낤
43,49,50,
77,60,64,
35,42,32,撣낤
39,77,56,
65,87,89,p
71,58,54,
67,85,93,p
52,81,85,p
78,59,72,
38,44,45,
26,47,28,撣낤
87,55,80,p
10,40,23,撣낤
89,78,100,p
59,58,61,
58,65,66,
83,79,99,D
89,72,83,p
35,53,40,
59,53,55,
100,65,80,p
49,61,69,
73,71,68,
18,47,18,撣낤
84,49,55,
54,67,77,
58,54,66,
43,61,27,
61,55,68,
76,66,72,
90,76,100,p
72,60,70,
69,68,69,
82,78,73,
44,77,66,
76,59,67,
51,52,54,
49,61,71,
100,78,86,p
61,51,42,
72,44,32,
80,66,84,p
100,59,80,p
79,44,55,
53,58,57,
43,59,56,
87,63,78,
100,83,97,D
59,61,63,
63,61,71,
42,52,52,
86,54,57,
72,60,57,
74,62,62,
98,25,41,
43,57,52,
60,54,42,
58,56,62,
52,34,37,撣낤
43,61,55,
46,65,47,
49,42,35,
89,77,77,
87,65,66,
69,65,64,
52,63,73,
75,52,46,
60,23,31,撣낤
92,76,100,p
57,55,57,
69,46,51,
46,71,44,
84,61,68,
63,61,58,
46,58,44,
94,85,89,D
79,76,82,p
36,71,62,
61,66,72,
59,73,71,
37,40,36,撣낤
36,58,60,
27,49,28,撣낤
44,55,61,
32,46,19,撣낤
67,61,64,
45,22,18,撣낤
88,88,89,D
71,62,48,
40,70,62,
56,41,26,撣낤
100,68,77,
29,36,16,撣낤
47,42,47,
38,50,44,
78,65,79,
40,50,59,
63,59,42,
11,37,15,撣낤
14,31,7,撣낤
71,65,76,
18,30,0,撣낤
62,63,73,
71,63,70,
67,68,62,
42,36,24,撣낤
52,79,81,p
57,66,57,
90,71,89,p
65,53,56,
61,69,61,
46,57,54,
58,55,54,
69,40,34,
98,82,97,D
44,46,30,撣낤
39,65,48,
96,75,81,p
85,81,100,D
52,59,51,
64,65,54,
51,48,49,
23,59,32,撣낤
61,53,56,
50,59,64,
41,59,46,
69,58,52,
68,48,57,
57,35,34,
40,44,35,撣낤
68,94,100,p
55,85,79,w
57,55,48,
70,54,73,
53,57,57,
67,64,74,
68,39,44,
97,65,76,
70,73,65,
100,92,100,D
46,54,31,
53,42,26,撣낤
82,66,64,
68,54,64,
26,57,43,
49,53,42,
73,60,57,
55,59,55,
55,76,75,
32,41,25,撣낤
57,63,58,
85,81,96,D
46,54,36,
86,53,67,
55,54,42,
53,76,71,
73,39,42,
74,41,65,
91,76,90,p
85,53,51,
60,59,74,
86,67,85,p
36,54,51,
38,50,41,
72,67,65,
86,62,71,
43,56,54,
64,43,51,
79,66,74,
67,77,80,
81,53,50,
71,60,60,
44,45,35,撣낤
59,46,40,
87,58,64,
79,74,87,p
30,56,48,
34,61,54,
20,47,45,撣낤
99,56,85,p
71,79,84,p
41,50,28,撣낤
63,59,72,
79,72,63,
57,52,47,
32,52,41,
53,58,70,
62,72,70,
58,59,53,
63,59,88,p
33,37,21,撣낤
18,62,47,撣낤
40,61,57,
27,56,31,撣낤
60,63,74,
38,55,48,
31,58,63,
61,61,59,
82,61,52,
46,54,64,
46,34,36,撣낤
64,71,65,
41,60,47,
45,49,32,撣낤
28,41,27,撣낤
55,75,71,
62,57,56,
47,76,57,
53,53,51,
84,79,99,D
66,43,33,
88,73,94,p
65,44,42,
55,44,27,撣낤
78,85,89,D
39,63,42,
51,49,38,
47,55,38,
46,60,45,
48,72,64,
46,45,39,
88,83,82,D
18,68,58,
33,60,53,
73,51,62,
73,47,59,
18,26,15,撣낤
89,62,87,p
61,61,49,
44,77,81,
40,55,54,
53,49,57,
58,51,58,
88,56,65,
59,57,65,
81,78,83,p
57,70,70,
42,62,53,
43,62,54,
61,74,79,
36,47,48,
36,53,34,撣낤
56,53,41,
96,60,65,
53,81,77,w
49,62,62,
65,72,78,
73,63,64,
49,56,60,
28,64,55,
47,34,26,撣낤
51,52,43,
73,51,64,
63,51,44,
81,48,57,
32,38,21,撣낤
58,87,94,p
71,55,58,
46,46,43,
82,60,72,
48,50,43,
71,56,76,
55,54,48,
74,68,61,
100,65,85,p
64,72,71,
81,57,70,
45,61,58,
46,38,23,撣낤
26,34,6,撣낤
66,73,80,
100,71,94,p
38,55,29,撣낤
36,63,42,
76,51,42,
32,30,36,撣낤
84,59,63,
80,71,87,p
87,76,81,p
89,57,56,
68,82,87,p
50,71,64,
43,64,63,
59,61,40,
51,61,74,
100,87,99,D
66,57,61,
56,40,42,
61,68,78,
72,54,53,
54,43,38,
45,63,39,
45,49,36,
56,69,77,
69,80,96,p
41,65,55,
45,54,53,
69,62,67,
55,47,45,
91,72,86,p
85,40,43,
17,34,39,撣낤
60,54,56,
100,100,100,D
62,67,64,
39,55,42,
80,65,69,
88,50,55,
42,60,42,
34,30,13,撣낤
50,81,70,
41,45,29,撣낤
68,61,61,
76,52,58,
63,74,63,
87,66,83,p
34,50,33,撣낤
52,71,65,
59,77,89,p
21,44,34,撣낤
85,83,98,D
41,65,50,
59,44,30,
81,98,100,D
82,90,100,D
68,68,71,
74,57,66,
68,67,75,
52,52,57,
67,39,42,
80,61,60,
59,58,60,
53,51,27,
36,75,72,
80,64,79,
71,65,75,
41,50,36,
48,74,76,
59,50,64,
19,50,27,撣낤
61,52,51,
55,60,57,
73,60,55,
61,57,62,
50,39,25,撣낤
28,28,0,撣낤
71,62,58,
44,71,63,
43,47,37,
60,55,39,
82,69,92,p
73,70,73,
61,87,82,p
41,64,55,
57,68,77,
36,58,56,
53,55,52,
72,52,67,
70,54,63,
47,44,37,
68,48,32,
22,39,19,撣낤
70,52,40,
28,47,53,
76,85,77,w
83,69,72,
36,62,41,
80,51,51,
65,52,48,
67,69,74,
43,67,69,
41,55,40,
48,68,59,
29,55,45,
48,75,62,
30,43,43,撣낤
53,62,63,
68,59,61,
65,75,84,p
56,76,72,
73,59,53,
86,59,78,
49,55,39,
53,81,85,p
100,85,100,D
30,57,48,
76,64,66,
62,32,34,
60,72,80,
49,72,72,
70,71,66,
71,55,49,
51,47,50,
50,46,55,
29,41,22,撣낤
57,33,37,
56,76,68,
69,77,67,
88,83,94,D
73,64,68,
84,41,70,
45,70,72,
79,39,43,
51,49,65,
84,66,75,
53,52,38,
33,76,46,
47,70,56,
85,74,77,
93,91,96,D
100,64,87,p
64,60,67,
54,61,47,
27,49,36,撣낤
75,62,70,
93,63,79,
62,59,74,
61,58,54,
30,54,46,
40,66,47,
80,49,52,
40,47,39,
73,62,74,
75,64,83,p
61,41,47,
73,70,67,
58,53,51,
64,56,58,
68,55,64,
43,48,40,
62,73,84,p
57,78,81,p
53,29,33,撣낤
48,43,43,
35,41,26,撣낤
58,41,21,撣낤
6,45,12,撣낤
60,67,67,
81,66,61,
54,57,71,
87,69,86,p
97,81,100,D
66,76,74,
67,48,49,
39,54,38,
81,74,77,
28,55,53,
37,47,30,撣낤
63,72,73,
44,54,37,
68,54,52,
80,90,100,D
61,51,52,
70,71,71,
78,85,82,D
30,53,30,撣낤
57,60,46,
80,60,76,
74,70,85,p
98,88,96,D
60,62,63,
91,82,79,D
69,62,64,
100,41,44,
79,75,80,p
65,49,36,
71,68,65,
37,52,44,
67,65,64,
74,57,56,
27,59,59,
63,56,60,
78,66,76,
72,51,51,
61,65,61,
39,32,26,撣낤
14,82,60,
59,57,65,
25,41,17,撣낤
37,39,28,撣낤
65,53,57,
88,73,83,p
97,68,88,p
77,85,95,p
47,61,52,
67,58,63,
72,90,95,p
71,63,70,
45,53,54,
47,66,50,
53,81,71,
64,60,67,
82,57,50,
72,60,52,
70,67,70,
78,69,83,p
82,55,56,
69,63,74,
47,62,56,
91,88,93,D
52,39,42,
50,64,67,
34,39,20,撣낤
68,75,71,
70,47,57,
77,68,76,
55,65,66,
32,46,38,撣낤
43,64,54,
93,87,96,D
70,44,40,
80,80,100,D
56,50,43,
52,49,50,
77,68,68,
60,61,56,
64,56,64,
46,60,41,
70,62,82,p
85,75,60,
53,66,78,
68,67,71,
74,48,49,
66,76,77,
56,64,60,
56,47,42,
76,68,74,
86,72,90,p
68,55,59,
56,56,52,
73,68,65,
23,52,42,撣낤
82,56,65,
100,76,99,p
48,50,58,
91,58,78,
91,77,81,p
74,67,70,
51,47,50,
45,43,47,
88,86,82,D
79,65,51,
67,69,72,
56,91,78,w
41,64,45,
50,47,44,
100,70,86,p
84,83,84,D
47,44,26,撣낤
42,80,66,
42,61,67,
80,81,74,
31,40,23,撣낤
68,62,65,
34,44,21,撣낤
35,43,31,撣낤
76,66,67,
42,64,67,
73,42,47,
23,39,35,撣낤
92,89,100,D
34,39,12,撣낤
60,48,45,
39,63,68,
53,81,60,
65,67,72,
68,38,48,
64,65,64,
29,56,48,
50,69,70,
53,84,81,p
53,43,33,
36,52,44,
67,83,100,p
30,44,33,撣낤
54,61,50,
100,88,100,D
80,89,93,D
96,66,67,
72,58,53,
32,61,35,
52,59,50,
69,73,73,
78,100,100,p
51,73,61,
66,60,61,
78,73,82,p
56,52,37,
85,57,67,
90,64,72,
47,52,47,
80,47,51,
59,69,71,
68,86,83,p
51,38,21,撣낤
65,85,86,p
28,50,39,撣낤
73,66,75,
100,56,77,
86,80,91,D
22,39,26,撣낤
53,69,75,
52,52,42,
63,76,86,p
99,65,89,p
80,55,79,
78,62,68,
55,48,53,
63,61,77,
55,57,61,
47,75,85,p
74,69,67,
65,81,81,p
91,58,77,
48,66,57,
42,68,51,
88,61,83,p
52,66,64,
92,84,96,D
28,64,54,
82,54,79,
56,28,35,撣낤
65,47,48,
61,81,88,p
76,94,99,p
75,55,70,
85,83,92,D
30,47,46,撣낤
100,92,100,D
74,67,66,
51,47,45,
41,71,66,
68,64,60,
55,47,55,
54,71,83,p
61,61,70,
58,54,47,
50,75,75,
75,59,62,
100,91,98,D
13,74,37,撣낤
63,49,50,
55,50,57,
72,68,84,p
87,88,100,D
61,60,64,
29,57,42,
60,73,54,
15,41,28,撣낤
16,38,23,撣낤
100,68,77,
62,59,71,
71,71,88,p
64,88,92,p
32,53,35,撣낤
43,31,37,撣낤
77,68,86,p
53,65,80,
52,57,75,
47,64,66,
57,67,63,
90,65,85,p
59,59,55,
37,63,38,
32,51,50,
68,56,70,
72,61,68,
17,62,39,撣낤
61,44,30,
86,80,67,
50,42,35,
36,50,52,
69,56,53,
79,61,70,
47,63,40,
56,51,59,
68,76,84,p
88,55,64,
64,51,54,
51,74,67,
46,53,54,
33,23,17,撣낤
69,46,51,
33,69,43,
81,72,94,p
23,32,3,撣낤
59,70,64,
82,72,83,p
86,59,72,
66,80,81,p
14,52,40,撣낤
38,73,74,
63,39,45,
69,91,99,p
59,28,30,撣낤
61,75,84,p
33,34,25,撣낤
74,70,84,p
88,68,98,p
77,71,73,
57,39,41,
16,40,33,撣낤
38,56,42,
83,67,70,
36,36,28,撣낤
61,57,61,
82,79,98,D
94,59,79,
9,48,30,撣낤
52,76,57,
47,59,38,
73,71,70,
49,40,37,
78,75,90,p
57,47,48,
64,64,68,
63,62,61,
85,73,76,
53,57,58,
76,75,81,p
70,39,40,
30,80,73,
56,70,74,
40,64,64,
70,51,71,
60,67,66,
80,72,80,p
64,64,72,
67,73,72,
38,70,63,
64,52,66,
44,46,38,
50,58,42,
44,49,41,
67,57,58,
48,76,90,p
56,41,36,
83,63,68,
71,79,97,p
57,46,53,
54,55,51,
77,64,76,
75,58,66,
33,51,42,
30,41,47,撣낤
85,84,94,D
38,42,37,撣낤
75,63,54,
75,72,76,
49,83,69,w
60,58,52,
53,75,59,
64,71,81,p
87,68,78,
83,72,72,
63,47,51,
74,66,75,
77,72,65,
49,45,41,
50,50,67,
56,59,54,
61,44,44,
42,55,41,
90,81,100,D
63,54,41,
38,56,48,
68,43,48,
71,69,73,
70,69,77,
98,67,79,
57,48,50,
76,73,73,
42,58,44,
76,61,68,
42,49,47,
59,58,44,
50,60,59,
33,66,62,
18,32,20,撣낤
68,62,69,
63,61,72,
75,82,100,p
39,34,25,撣낤
68,74,92,p
41,60,43,
39,43,42,
94,45,54,
62,72,67,
32,48,36,撣낤
26,57,40,撣낤
89,82,92,D
59,50,43,
80,78,78,
48,50,46,
17,51,41,撣낤
61,79,74,
48,50,45,
96,73,82,p
37,42,29,撣낤
59,65,55,
55,70,65,
20,35,12,撣낤
64,81,80,w
30,45,44,撣낤
93,86,100,D
76,62,66,
66,46,42,
42,38,37,撣낤
91,82,95,D
64,71,81,p
76,69,79,
89,74,90,p
85,72,85,p
56,55,64,
87,75,97,p
43,54,51,
82,58,78,
67,67,64,
62,56,70,
89,55,62,
20,49,23,撣낤
34,52,31,撣낤
78,65,87,p
76,97,100,p
71,58,55,
48,53,40,
30,37,31,撣낤
73,62,74,
16,62,50,
76,63,65,
64,50,59,
67,52,66,
46,63,58,
75,68,77,
38,37,17,撣낤
46,43,37,
57,30,40,
21,71,60,
55,53,45,
58,58,43,
86,73,88,p
72,35,27,
64,69,74,
41,67,65,
82,51,55,
45,52,34,
74,50,64,
30,45,33,撣낤
43,56,49,
59,52,43,
21,61,45,
62,49,44,
92,85,88,D
100,51,81,p
80,66,72,
39,58,45,
34,51,32,撣낤
63,59,58,
28,36,26,撣낤
92,83,96,D
61,52,50,
